Count,Country,ISO Code,Reference Year,Total Fertility,Mean Age at Childbearing,15-19,20-24,25-29,30-34,35-39,40-44,45-49
0,Afghanistan,4,1973,8.21,30,0.84,1.795,1.775,1.535,1.175,0.685,0.405
1,Afghanistan,4,1979,7.11,30.7,0.525,1.3,1.545,1.505,1.31,0.925,0
2,Afghanistan,4,2003,7.52,30.1,0.73,1.665,1.75,1.445,1.085,0.715,0
3,Afghanistan,4,2009,5.11,29.1,0.4,1.285,1.31,1.045,0.64,0.3,0.13
4,Albania,8,1970,5.16,29.7,0.195,1.375,1.33,1.07,0.73,0.345,0.11
5,Albania,8,1985,3.33,28.8,0.085,0.88,1.13,0.725,0.375,0.12,0.01
6,Albania,8,1995,2.86,27.6,0.125,0.86,1.035,0.56,0.225,0.05,0.005
7,Albania,8,2005,1.61,27.7,0.08,0.46,0.555,0.35,0.13,0.025,0.005
8,Albania,8,2007,1.33,28.2,0.055,0.35,0.46,0.305,0.125,0.025,0.005
9,Algeria,12,1970,7.86,30.4,0.565,1.63,1.785,1.64,1.315,0.74,0.185
10,Algeria,12,1984,5.35,31.8,0.125,0.895,1.255,1.295,1.08,0.55,0.155
11,Algeria,12,1990,4.38,31.7,0.105,0.715,1.07,1.1,0.82,0.46,0.115
12,Algeria,12,2000,2.38,32.1,0.03,0.295,0.595,0.67,0.525,0.215,0.045
13,Algeria,12,2008,2.74,31.8,0.045,0.375,0.695,0.745,0.59,0.255,0.04
14,American Samoa,16,1970,5.83,30.7,0.24,1.185,1.44,1.275,1.065,0.485,0.14
15,American Samoa,16,1982,4.18,28.4,0.24,1.11,1.215,0.995,0.51,0.105,0.01
16,American Samoa,16,1995,3.97,28.6,0.28,0.94,1.19,0.905,0.52,0.14,0
17,American Samoa,16,2005,4.1,29.3,0.165,0.9,1.32,0.94,0.585,0.185,0.005
18,American Samoa,16,2006,3.38,29.3,0.17,0.72,1.04,0.785,0.52,0.135,0.01
19,Andorra,20,2004,1.27,30.8,0.025,0.18,0.345,0.425,0.23,0.055,0.005
20,Andorra,20,2010,1.25,30.8,0.02,0.17,0.375,0.405,0.225,0.05,0.005
21,Angola,24,1996,6.91,29.3,0.73,1.595,1.595,1.305,1.02,0.5,0.175
22,Angola,24,2001,5.79,29.3,0.61,1.35,1.31,1.085,0.95,0.31,0.175
23,Angola,24,2005,5.8,28.6,0.83,1.22,1.36,1.155,0.82,0.34,0.08
24,Anguilla,660,1984,2.91,26.8,0.51,0.765,0.735,0.56,0.205,0.13,0
25,Anguilla,660,1992,1.84,26.7,0.24,0.515,0.555,0.37,0.14,0.025,0
26,Anguilla,660,2005,1.44,27.8,0.165,0.38,0.385,0.285,0.17,0.05,0
27,Anguilla,660,2006,1.54,27.2,0.215,0.465,0.355,0.255,0.22,0.035,0
28,Antigua and Barbuda,28,1972,2.68,27.1,0.51,0.73,0.57,0.385,0.345,0.125,0.02
29,Antigua and Barbuda,28,1985,1.86,25.8,0.37,0.55,0.47,0.285,0.155,0.025,0
30,Antigua and Barbuda,28,1995,2.2,27.2,0.35,0.575,0.535,0.415,0.27,0.06,0
31,Antigua and Barbuda,28,2000,2.36,28.1,0.295,0.575,0.56,0.505,0.325,0.085,0.015
32,Antigua and Barbuda,28,2001,2.01,27.8,0.335,0.47,0.44,0.395,0.28,0.095,0.005
33,Argentina,32,1970,3.07,28.1,0.325,0.785,0.85,0.59,0.355,0.135,0.03
34,Argentina,32,1985,2.96,27.6,0.365,0.79,0.8,0.565,0.32,0.105,0.02
35,Argentina,32,1995,2.56,27.8,0.32,0.645,0.68,0.535,0.29,0.09,0.01
36,Argentina,32,2005,2.38,28,0.32,0.565,0.565,0.525,0.305,0.095,0.005
37,Argentina,32,2010,2.38,27.9,0.34,0.565,0.56,0.505,0.315,0.09,0.005
38,Armenia,51,1970,3.16,27.8,0.205,1.08,0.845,0.575,0.33,0.105,0.025
39,Armenia,51,1985,2.52,25.2,0.285,1.165,0.655,0.3,0.095,0.02,0.005
40,Armenia,51,1995,1.63,24.8,0.28,0.71,0.37,0.175,0.075,0.015,0
41,Armenia,51,2005,1.37,25.4,0.135,0.61,0.39,0.16,0.055,0.01,0
42,Armenia,51,2010,1.56,26,0.14,0.615,0.485,0.225,0.075,0.015,0
43,Aruba,533,1972,2.53,28.3,0.2,0.655,0.74,0.535,0.27,0.115,0.01
44,Aruba,533,1981,1.94,27,0.195,0.59,0.59,0.375,0.15,0.03,0.005
45,Aruba,533,1995,2.08,27.2,0.24,0.595,0.555,0.435,0.215,0.035,0
46,Aruba,533,2005,1.74,27.2,0.195,0.51,0.495,0.31,0.185,0.035,0.005
47,Aruba,533,2010,1.61,27.2,0.2,0.46,0.43,0.34,0.145,0.04,0
48,Australia,36,1970,2.86,27.1,0.255,0.86,0.95,0.51,0.225,0.06,0.005
49,Australia,36,1985,1.89,27.7,0.11,0.47,0.715,0.435,0.13,0.02,0
50,Australia,36,1995,1.82,29,0.1,0.335,0.61,0.53,0.21,0.035,0
51,Australia,36,2005,1.79,30.1,0.08,0.26,0.51,0.585,0.3,0.055,0
52,Australia,36,2010,1.88,30.5,0.075,0.26,0.5,0.615,0.35,0.075,0.005
53,Austria,40,1970,2.31,26.6,0.305,0.795,0.555,0.39,0.205,0.055,0.005
54,Austria,40,1985,1.48,26.6,0.125,0.5,0.49,0.26,0.09,0.02,0
55,Austria,40,1995,1.41,27.7,0.085,0.375,0.5,0.31,0.115,0.02,0
56,Austria,40,2005,1.41,29,0.065,0.275,0.47,0.395,0.165,0.03,0
57,Austria,40,2010,1.44,29.8,0.05,0.24,0.45,0.445,0.21,0.04,0
58,Azerbaijan,31,1970,4.63,29.7,0.205,1.14,1.165,1.05,0.735,0.265,0.07
59,Azerbaijan,31,1985,2.9,27.7,0.095,0.93,1.005,0.555,0.24,0.06,0.01
60,Azerbaijan,31,1995,2.19,26.3,0.2,0.835,0.66,0.33,0.135,0.03,0.005
61,Azerbaijan,31,2005,2.33,26.2,0.205,0.925,0.7,0.325,0.13,0.035,0.005
62,Azerbaijan,31,2010,1.93,25.9,0.24,0.71,0.57,0.275,0.105,0.025,0.005
63,Bahamas,44,1970,3.38,27.8,0.345,0.94,1.015,0.52,0.385,0.155,0.02
64,Bahamas,44,1985,2.48,26.9,0.34,0.68,0.715,0.49,0.19,0.06,0.005
65,Bahamas,44,1995,2.47,27.7,0.325,0.615,0.645,0.51,0.29,0.06,0.02
66,Bahamas,44,2004,1.9,27.9,0.23,0.495,0.47,0.385,0.25,0.06,0.01
67,Bahamas,44,2007,1.89,28.5,0.2,0.41,0.495,0.44,0.265,0.07,0.005
68,Bahrain,48,1971,6.7,25.6,1.44,2.055,1.64,0.94,0.475,0.12,0.03
69,Bahrain,48,1985,4.53,30.7,0.185,0.82,1.245,1.135,0.65,0.28,0.21
70,Bahrain,48,1995,3.01,31,0.11,0.565,0.725,0.73,0.565,0.24,0.075
71,Bahrain,48,2005,2.61,29.6,0.09,0.585,0.825,0.56,0.37,0.155,0.02
72,Bahrain,48,2008,2.06,29.9,0.06,0.425,0.62,0.53,0.295,0.12,0.015
73,Bangladesh,50,1973,6.08,27.5,1.095,1.52,1.3,1.07,0.71,0.32,0.06
74,Bangladesh,50,1985,4.61,28.1,0.65,1.24,1.005,0.8,0.585,0.24,0.09
75,Bangladesh,50,1995,3.26,25.8,0.735,0.96,0.75,0.48,0.22,0.09,0.03
76,Bangladesh,50,2002,3.02,25.5,0.685,0.955,0.665,0.415,0.21,0.085,0.01
77,Bangladesh,50,2010,2.32,24.7,0.59,0.765,0.535,0.28,0.105,0.03,0.015
78,Barbados,52,1970,2.97,27.2,0.455,0.805,0.77,0.5,0.295,0.12,0.02
79,Barbados,52,1985,1.86,26.6,0.285,0.54,0.52,0.315,0.165,0.035,0
80,Barbados,52,1998,1.74,27.8,0.26,0.43,0.38,0.33,0.3,0.035,0.005
81,Barbados,52,2002,1.9,27.5,0.275,0.485,0.455,0.405,0.21,0.065,0.005
82,Barbados,52,2007,1.83,27.8,0.245,0.47,0.44,0.37,0.225,0.075,0.005
83,Belarus,112,1970,2.36,27.3,0.14,0.875,0.645,0.425,0.21,0.06,0.005
84,Belarus,112,1985,2.08,26,0.165,0.87,0.625,0.29,0.11,0.02,0
85,Belarus,112,1995,1.38,24.9,0.195,0.615,0.36,0.15,0.055,0.01,0
86,Belarus,112,2004,1.2,26.2,0.11,0.445,0.375,0.195,0.065,0.01,0
87,Belarus,112,2010,1.51,27.3,0.105,0.45,0.51,0.31,0.115,0.02,0
88,Belgium,56,1970,2.24,27.2,0.155,0.745,0.715,0.39,0.18,0.05,0.005
89,Belgium,56,1986,1.55,27.4,0.06,0.445,0.655,0.3,0.085,0.015,0
90,Belgium,56,1995,1.56,28.5,0.05,0.31,0.655,0.405,0.12,0.02,0
91,Belgium,56,2005,1.75,30.9,0.05,0.175,0.53,0.59,0.365,0.045,0
92,Belgium,56,2007,1.82,29.4,0.055,0.29,0.675,0.545,0.215,0.04,0
93,Belize,84,1970,6.25,28.5,0.71,1.545,1.51,1.195,0.865,0.375,0.045
94,Belize,84,1985,5.02,27.6,0.65,1.41,1.26,0.87,0.595,0.205,0.03
95,Belize,84,1995,4,27,0.59,1.14,1.07,0.655,0.37,0.14,0.035
96,Belize,84,2002,3.4,27.4,0.45,0.965,0.86,0.615,0.355,0.135,0.02
97,Benin,204,1961,6.93,28.2,1.035,1.695,1.555,1.25,0.835,0.425,0.135
98,Benin,204,1980,7.08,29.4,0.755,1.57,1.645,1.39,0.965,0.495,0.255
99,Benin,204,1995,5.96,29.5,0.595,1.33,1.315,1.22,0.975,0.39,0.135
100,Benin,204,2005,5.74,29.2,0.56,1.33,1.39,1.195,0.775,0.325,0.16
101,Benin,204,2009,4.9,29,0.47,1.15,1.255,1,0.63,0.315,0.085
102,Bermuda,60,1975,1.86,26.5,0.31,0.48,0.56,0.33,0.135,0.035,0.005
103,Bermuda,60,1985,1.85,27.2,0.17,0.51,0.62,0.38,0.155,0.015,0
104,Bermuda,60,1995,1.74,28.7,0.17,0.325,0.495,0.465,0.245,0.045,0
105,Bermuda,60,2003,1.81,28.7,0.21,0.345,0.46,0.465,0.26,0.045,0.02
106,Bermuda,60,2009,1.81,30.5,0.09,0.295,0.42,0.54,0.38,0.075,0.01
107,Bhutan,64,1993,5.59,29.4,0.6,1.335,1.21,0.975,0.87,0.475,0.12
108,Bhutan,64,2000,4.69,29.4,0.31,1.225,1.245,0.81,0.58,0.4,0.12
109,Bhutan,64,2005,2.51,28.2,0.23,0.725,0.685,0.425,0.26,0.145,0.04
110,Bolivia (Plurinational State of),68,1975,6.81,30.7,0.385,1.27,1.78,1.5,1.075,0.515,0.285
111,Bolivia (Plurinational State of),68,1987,5.04,29.2,0.495,1.175,1.225,0.995,0.71,0.335,0.11
112,Bolivia (Plurinational State of),68,1996,4.23,29,0.42,1.035,1.005,0.825,0.585,0.285,0.075
113,Bolivia (Plurinational State of),68,2002,3.84,29,0.42,0.915,0.895,0.725,0.57,0.255,0.06
114,Bolivia (Plurinational State of),68,2006,3.54,28.4,0.44,0.87,0.865,0.64,0.475,0.215,0.04
115,Bosnia and Herzegovina,70,1970,2.65,27.6,0.22,0.87,0.71,0.465,0.27,0.105,0.01
116,Bosnia and Herzegovina,70,1985,1.91,26.3,0.19,0.69,0.59,0.295,0.115,0.025,0
117,Bosnia and Herzegovina,70,1996,1.71,26.9,0.155,0.56,0.51,0.31,0.145,0.025,0
118,Bosnia and Herzegovina,70,2005,1.2,27.3,0.075,0.365,0.42,0.235,0.09,0.02,0
119,Bosnia and Herzegovina,70,2010,1.27,28.3,0.07,0.295,0.43,0.335,0.12,0.02,0
120,Botswana,72,1971,6.5,30.8,0.48,1.385,1.38,1.215,0.99,0.69,0.355
121,Botswana,72,1986,4.54,30,0.54,0.91,0.905,0.855,0.7,0.465,0.16
122,Botswana,72,1987,4.86,29.4,0.645,1.045,1,0.915,0.705,0.375,0.18
123,Botswana,72,2001,3.27,28.1,0.265,0.855,1.01,0.65,0.345,0.13,0.015
124,Botswana,72,2006,3.18,28.1,0.255,0.835,0.995,0.63,0.325,0.125,0.015
125,Brazil,76,1970,5.15,29.5,0.265,1.14,1.45,1.215,0.72,0.305,0.05
126,Brazil,76,1984,3.37,28,0.37,0.93,0.845,0.64,0.4,0.185,0
127,Brazil,76,1994,2.54,26.6,0.43,0.76,0.615,0.405,0.23,0.08,0.015
128,Brazil,76,2005,2.01,26,0.4,0.605,0.48,0.31,0.16,0.05,0.005
129,Brazil,76,2008,1.84,26.4,0.355,0.5,0.44,0.32,0.175,0.05,0.005
130,British Virgin Islands,92,1985,1.92,27.9,0.21,0.515,0.53,0.365,0.165,0.135,0
131,British Virgin Islands,92,1997,2.19,27.3,0.25,0.7,0.55,0.37,0.23,0.09,0
132,British Virgin Islands,92,2004,1.99,27.4,0.215,0.62,0.47,0.415,0.205,0.06,0
133,British Virgin Islands,92,2007,1.32,27.4,0.135,0.385,0.37,0.27,0.115,0.045,0
134,Brunei Darussalam,96,1970,5.84,28.9,0.39,1.615,1.51,1.16,0.765,0.285,0.115
135,Brunei Darussalam,96,1985,3.59,28.8,0.215,0.9,1.08,0.77,0.44,0.15,0.035
136,Brunei Darussalam,96,1996,2.74,29.9,0.15,0.55,0.705,0.7,0.46,0.15,0.02
137,Brunei Darussalam,96,2002,2.27,29.6,0.14,0.49,0.565,0.585,0.35,0.13,0.01
138,Brunei Darussalam,96,2008,1.76,29.2,0.09,0.37,0.565,0.4,0.255,0.07,0.005
139,Bulgaria,100,1970,2.17,24.7,0.355,0.945,0.56,0.225,0.075,0.015,0
140,Bulgaria,100,1985,1.97,24,0.385,0.9,0.465,0.165,0.05,0.01,0
141,Bulgaria,100,1995,1.23,24.2,0.26,0.5,0.305,0.115,0.04,0.01,0
142,Bulgaria,100,2005,1.31,26.1,0.19,0.395,0.405,0.235,0.07,0.01,0
143,Bulgaria,100,2010,1.49,27.1,0.205,0.37,0.44,0.325,0.13,0.02,0
144,Burkina Faso,854,1976,6.68,29,0.855,1.62,1.415,1.19,0.915,0.49,0.195
145,Burkina Faso,854,1985,7.18,29.4,0.76,1.64,1.605,1.395,1.075,0.52,0.19
146,Burkina Faso,854,1997,6.44,29.5,0.655,1.465,1.41,1.235,0.995,0.52,0.155
147,Burkina Faso,854,2002,5.88,29.6,0.595,1.325,1.28,1.165,0.885,0.46,0.175
148,Burkina Faso,854,2009,6,29.4,0.65,1.32,1.345,1.185,0.945,0.435,0.115
149,Burundi,108,1970,6.13,30.7,0.255,1.26,1.495,1.365,1.09,0.54,0.13
150,Burundi,108,1985,6.95,31.5,0.255,1.37,1.635,1.43,1.23,0.62,0.41
151,Burundi,108,1990,6.69,31.5,0.165,1.27,1.59,1.495,1.245,0.655,0.265
152,Burundi,108,2001,5.6,31.4,0.15,1,1.4,1.3,1,0.6,0.15
153,Burundi,108,2009,6.38,30.4,0.325,1.405,1.51,1.345,1.125,0.52,0.155
154,Cambodia,116,1962,7.01,30,0.51,1.53,1.615,1.475,1.165,0.59,0.125
155,Cambodia,116,1993,5.64,29.6,0.45,1.215,1.355,1.195,0.935,0.49,0
156,Cambodia,116,1998,3.78,29.7,0.22,0.89,0.96,0.8,0.555,0.285,0.065
157,Cambodia,116,2004,3.4,29,0.235,0.875,0.9,0.71,0.455,0.205,0.025
158,Cambodia,116,2009,3.05,28.3,0.23,0.865,0.835,0.605,0.355,0.14,0.02
159,Cameroon,120,1976,6.38,28.8,0.93,1.475,1.385,1.1,0.775,0.53,0.18
160,Cameroon,120,1989,5.82,28.3,0.82,1.41,1.3,1.14,0.745,0.31,0.1
161,Cameroon,120,1996,4.8,28.3,0.685,1.13,1.105,0.925,0.615,0.245,0.1
162,Cameroon,120,2002,4.97,28.3,0.69,1.18,1.155,0.97,0.63,0.265,0.08
163,Cameroon,120,2010,5.09,28.6,0.635,1.16,1.25,1.035,0.645,0.285,0.08
164,Canada,124,1970,2.26,27.2,0.21,0.69,0.71,0.395,0.19,0.055,0.005
165,Canada,124,1985,1.65,27.4,0.115,0.425,0.615,0.365,0.105,0.015,0
166,Canada,124,1995,1.64,28.2,0.12,0.355,0.55,0.435,0.155,0.025,0
167,Canada,124,2005,1.55,29.5,0.065,0.26,0.49,0.49,0.21,0.035,0
168,Canada,124,2009,1.67,29.9,0.07,0.255,0.505,0.535,0.255,0.045,0
169,Cape Verde,132,1980,7,31.6,0.27,1.22,1.615,1.525,1.375,0.8,0.19
170,Cape Verde,132,1996,4.03,28.5,0.5,0.98,0.95,0.75,0.545,0.295,0.01
171,Cape Verde,132,2000,3.98,29.2,0.46,0.93,0.86,0.74,0.575,0.315,0.1
172,Cape Verde,132,2004,2.9,27.8,0.45,0.725,0.695,0.49,0.33,0.18,0.03
173,Cayman Islands,136,1970,4.24,29.9,0.535,0.715,0.915,1.02,0.555,0.37,0.135
174,Cayman Islands,136,1986,1.79,26.3,0.275,0.515,0.57,0.255,0.135,0.04,0
175,Cayman Islands,136,1994,1.66,26.7,0.31,0.435,0.365,0.38,0.12,0.035,0.02
176,Cayman Islands,136,2009,1.87,28.8,0.16,0.41,0.475,0.505,0.24,0.075,0
177,Cayman Islands,136,2010,1.89,29,0.16,0.445,0.425,0.475,0.31,0.05,0.025
178,Central African Republic,140,1975,5.84,28.7,0.86,1.39,1.255,1.045,0.68,0.39,0.225
179,Central African Republic,140,1988,6.07,29.7,0.85,1.3,1.235,1.04,0.735,0.495,0.415
180,Central African Republic,140,1993,5.08,28.2,0.775,1.185,1.155,0.96,0.585,0.3,0.115
181,Central African Republic,140,2003,5.15,29.4,0.665,1.1,1.105,0.955,0.72,0.4,0.205
182,Chad,148,1963,5.08,28,0.81,1.34,1.09,0.795,0.61,0.3,0.13
183,Chad,148,1995,6.37,28,0.95,1.52,1.5,1.21,0.78,0.335,0.075
184,Chad,148,2003,6.34,28.3,0.935,1.475,1.375,1.315,0.815,0.365,0.065
185,Chile,152,1970,3.57,28.4,0.36,0.92,0.93,0.69,0.42,0.215,0.035
186,Chile,152,1985,2.33,27.4,0.28,0.655,0.645,0.435,0.24,0.075,0.005
187,Chile,152,1995,2.23,27.4,0.315,0.59,0.565,0.44,0.245,0.07,0.005
188,Chile,152,2005,1.82,28,0.245,0.415,0.46,0.405,0.23,0.065,0.005
189,Chile,152,2009,1.93,28,0.27,0.425,0.475,0.425,0.255,0.07,0.005
190,China,156,1970,5.74,29.9,0.195,1.39,1.54,1.26,0.895,0.415,0.05
191,China,156,1986,2.36,26.2,0.095,1.04,0.78,0.315,0.095,0.03,0.005
192,China,156,1994,1.86,26.3,0.025,0.805,0.72,0.235,0.05,0.02,0.005
193,China,156,2005,1.33,26.5,0.03,0.57,0.46,0.2,0.055,0.01,0.005
194,China,156,2008,1.47,28.4,0.025,0.475,0.505,0.27,0.11,0.05,0.035
195,"China, Hong Kong SAR",344,1970,3.31,29.5,0.09,0.675,1.15,0.795,0.43,0.15,0.02
196,"China, Hong Kong SAR",344,1985,1.47,28.8,0.04,0.285,0.59,0.395,0.135,0.025,0
197,"China, Hong Kong SAR",344,1995,1.16,29.6,0.03,0.19,0.385,0.38,0.15,0.025,0
198,"China, Hong Kong SAR",344,2005,0.98,29.8,0.02,0.17,0.32,0.31,0.14,0.025,0
199,"China, Hong Kong SAR",344,2011,1.2,31.3,0.015,0.135,0.32,0.435,0.26,0.045,0
200,"China, Macao SAR",446,1970,2.04,31.1,0.015,0.34,0.65,0.45,0.39,0.175,0.02
201,"China, Macao SAR",446,1985,2.37,28.6,0.04,0.525,0.94,0.66,0.175,0.03,0.005
202,"China, Macao SAR",446,1995,1.36,29,0.04,0.28,0.49,0.375,0.14,0.03,0
203,"China, Macao SAR",446,2005,0.91,30.1,0.015,0.14,0.29,0.305,0.14,0.02,0
204,"China, Macao SAR",446,2010,1.06,29.9,0.015,0.175,0.37,0.315,0.155,0.03,0
205,Colombia,170,1973,4.54,30,0.325,1.035,1.065,0.915,0.725,0.36,0.12
206,Colombia,170,1985,3.2,28,0.365,0.885,0.8,0.59,0.385,0.14,0.035
207,Colombia,170,1993,2.96,27,0.445,0.865,0.74,0.505,0.28,0.12,0.01
208,Colombia,170,2003,2.39,26.6,0.45,0.66,0.58,0.385,0.23,0.075,0.01
209,Colombia,170,2008,2.14,26.3,0.42,0.61,0.5,0.35,0.19,0.06,0.01
210,Comoros,174,1966,5.9,29.8,0.535,1.345,1.37,1.14,0.845,0.375,0.295
211,Comoros,174,1980,5.55,30,0.44,1.245,1.34,1.125,0.74,0.355,0.315
212,Comoros,174,1994,4.66,30.3,0.295,0.92,1.115,1.13,0.735,0.335,0.125
213,Congo,178,1974,6.99,29.7,0.78,1.525,1.525,1.275,1.015,0.61,0.26
214,Congo,178,1984,5.94,29.4,0.69,1.25,1.335,1.2,0.88,0.445,0.14
215,Congo,178,2004,4.8,28.9,0.645,1.105,1,0.925,0.67,0.345,0.105
216,Congo,178,2010,5.11,28.5,0.735,1.11,1.16,1.025,0.725,0.305,0.045
217,Cook Islands,184,1971,6.2,28.5,0.515,1.76,1.525,1.235,0.73,0.415,0.015
218,Cook Islands,184,1982,3.66,28,0.405,0.975,1.01,0.575,0.505,0.19,0
219,Cook Islands,184,1996,3.69,28,0.41,1.025,0.925,0.67,0.48,0.15,0.03
220,Cook Islands,184,2001,3.08,28.9,0.235,0.805,0.765,0.61,0.47,0.2,0
221,Costa Rica,188,1970,4.92,29,0.515,1.185,1.155,0.94,0.72,0.345,0.06
222,Costa Rica,188,1984,3.52,27.4,0.47,0.96,0.91,0.655,0.385,0.135,0
223,Costa Rica,188,1995,2.71,27,0.425,0.745,0.67,0.49,0.28,0.09,0.01
224,Costa Rica,188,2004,2,26.7,0.335,0.56,0.495,0.365,0.185,0.05,0.005
225,Costa Rica,188,2009,1.9,26.6,0.335,0.525,0.475,0.335,0.18,0.045,0.005
226,Côte d'Ivoire,384,1978,7.36,29.4,1.08,1.565,1.5,1.24,1.015,0.66,0.3
227,Côte d'Ivoire,384,1988,6.76,29,0.965,1.445,1.445,1.26,0.965,0.49,0.19
228,Côte d'Ivoire,384,1993,5.3,29,0.7,1.16,1.155,1.05,0.745,0.365,0.125
229,Côte d'Ivoire,384,1997,5.18,29.5,0.635,1.11,1.115,0.995,0.745,0.395,0.185
230,Côte d'Ivoire,384,2010,4.96,29.1,0.64,1.1,1.12,0.895,0.7,0.385,0.125
231,Croatia,191,1970,1.8,26,0.235,0.67,0.485,0.265,0.11,0.03,0.005
232,Croatia,191,1985,1.81,25.7,0.19,0.745,0.545,0.24,0.085,0.015,0
233,Croatia,191,1995,1.48,27.2,0.09,0.475,0.505,0.285,0.105,0.02,0
234,Croatia,191,2005,1.41,28.4,0.07,0.33,0.49,0.365,0.14,0.025,0
235,Croatia,191,2010,1.47,29.1,0.06,0.275,0.5,0.425,0.18,0.03,0
236,Cuba,192,1970,3.69,26.5,0.64,1.14,0.825,0.585,0.37,0.13,0
237,Cuba,192,1985,1.89,24.7,0.455,0.62,0.465,0.235,0.09,0.02,0.005
238,Cuba,192,1995,1.48,25.5,0.295,0.455,0.395,0.235,0.085,0.01,0
239,Cuba,192,2005,1.36,26.3,0.2,0.425,0.37,0.245,0.1,0.02,0
240,Cuba,192,2010,1.68,26.1,0.26,0.535,0.47,0.275,0.12,0.025,0
241,Cyprus,196,1970,2.74,28.5,0.105,0.75,0.905,0.565,0.3,0.095,0.02
242,Cyprus,196,1985,2.38,26.9,0.17,0.795,0.77,0.455,0.165,0.025,0
243,Cyprus,196,1995,2.03,28.1,0.085,0.57,0.68,0.455,0.2,0.04,0.005
244,Cyprus,196,2005,1.42,29.6,0.035,0.235,0.515,0.43,0.17,0.03,0.005
245,Cyprus,196,2008,1.47,30.2,0.035,0.205,0.485,0.48,0.22,0.04,0.005
246,Czech Republic,203,1970,2.07,25.5,0.23,0.9,0.57,0.26,0.095,0.02,0
247,Czech Republic,203,1985,2.06,24.8,0.265,0.965,0.545,0.21,0.065,0.01,0
248,Czech Republic,203,1995,1.27,25.7,0.125,0.5,0.405,0.175,0.055,0.01,0
249,Czech Republic,203,2005,1.29,28.7,0.055,0.24,0.495,0.37,0.115,0.02,0
250,Czech Republic,203,2010,1.47,29.7,0.055,0.23,0.48,0.455,0.215,0.03,0
251,Democratic People's Republic of Korea,408,1994,2.19,28.7,0,0.245,1.325,0.505,0.095,0.015,0.005
252,Democratic People's Republic of Korea,408,2008,2.01,28.7,0.005,0.295,1.05,0.55,0.09,0.015,0
253,Democratic Republic of the Congo,180,1973,6.22,28.4,0.805,1.505,1.445,1.24,0.82,0.34,0.07
254,Democratic Republic of the Congo,180,1984,6.7,30.3,0.47,1.385,1.56,1.455,1.045,0.59,0.195
255,Democratic Republic of the Congo,180,1994,7.26,30.2,0.625,1.545,1.67,1.37,1.105,0.7,0.25
256,Democratic Republic of the Congo,180,2001,7.07,30.1,0.585,1.355,1.71,1.51,1.135,0.61,0.165
257,Democratic Republic of the Congo,180,2005,6.29,29.9,0.62,1.3,1.355,1.35,1.005,0.475,0.185
258,Denmark,208,1970,1.96,26.7,0.165,0.665,0.65,0.33,0.125,0.025,0
259,Denmark,208,1985,1.44,27.7,0.05,0.38,0.59,0.32,0.09,0.015,0
260,Denmark,208,1995,1.82,29.2,0.045,0.31,0.7,0.545,0.19,0.025,0
261,Denmark,208,2005,1.8,30.2,0.03,0.22,0.63,0.635,0.245,0.04,0
262,Denmark,208,2010,1.87,30.6,0.025,0.215,0.615,0.67,0.295,0.05,0
263,Djibouti,262,1991,5.97,32.3,0.155,0.775,1.35,1.585,1.285,0.605,0.22
264,Djibouti,262,1995,5.08,31.5,0.165,0.745,1.21,1.35,1.035,0.575,0
265,Djibouti,262,2000,4.22,32.7,0.135,0.57,0.88,1.055,0.835,0.485,0.265
266,Dominica,212,1969,5.48,28.3,0.77,1.415,1.23,0.785,0.845,0.34,0.095
267,Dominica,212,1985,2.94,26.9,0.48,0.79,0.76,0.53,0.285,0.08,0.01
268,Dominica,212,1995,2.67,27.8,0.27,0.83,0.57,0.585,0.31,0.095,0.01
269,Dominica,212,2003,2.1,28.7,0.24,0.555,0.375,0.445,0.35,0.125,0.005
270,Dominica,212,2006,2.27,29.3,0.24,0.375,0.575,0.64,0.285,0.14,0.01
271,Dominican Republic,214,1969,6.2,30.3,0.38,1.325,1.48,1.345,1.015,0.46,0.2
272,Dominican Republic,214,1990,3.34,26.9,0.44,1.05,0.875,0.58,0.285,0.06,0.055
273,Dominican Republic,214,1995,3.16,26,0.56,0.995,0.785,0.555,0.195,0.07,0.005
274,Dominican Republic,214,2001,2.99,25.7,0.58,0.95,0.725,0.485,0.205,0.04,0.005
275,Dominican Republic,214,2005,2.44,25.7,0.46,0.76,0.66,0.345,0.165,0.04,0.005
276,Ecuador,218,1970,5.9,29.8,0.415,1.37,1.425,1.125,0.995,0.445,0.125
277,Ecuador,218,1985,4.24,28.8,0.445,1.07,1.04,0.785,0.495,0.295,0.11
278,Ecuador,218,1997,3.29,28,0.445,0.86,0.775,0.595,0.38,0.185,0.05
279,Ecuador,218,2001,2.84,27.4,0.46,0.755,0.66,0.515,0.315,0.115,0.025
280,Ecuador,218,2003,3.18,27.3,0.5,0.87,0.715,0.605,0.34,0.13,0.015
281,Egypt,818,1978,5.26,28.6,0.495,1.28,1.425,1.085,0.65,0.24,0.08
282,Egypt,818,1987,4.54,28.6,0.375,1.135,1.235,0.94,0.605,0.215,0.03
283,Egypt,818,1994,3.63,28.1,0.305,1,1.05,0.7,0.405,0.135,0.035
284,Egypt,818,2003,3.13,27.9,0.24,0.875,0.97,0.625,0.315,0.095,0.01
285,Egypt,818,2006,3.02,27.7,0.25,0.845,0.925,0.61,0.295,0.085,0.01
286,El Salvador,222,1971,6.13,28.6,0.74,1.505,1.405,1.165,0.865,0.36,0.095
287,El Salvador,222,1983,4.22,27.2,0.67,1.2,0.99,0.67,0.46,0.205,0.02
288,El Salvador,222,1996,3.59,27,0.58,1.055,0.835,0.59,0.34,0.145,0.04
289,El Salvador,222,2001,2.81,26.8,0.51,0.78,0.68,0.41,0.3,0.125,0.005
290,El Salvador,222,2007,2.46,26.8,0.445,0.67,0.585,0.405,0.255,0.09,0.01
291,Equatorial Guinea,226,1983,5.96,28,0.925,1.49,1.37,0.99,0.715,0.295,0.17
292,Equatorial Guinea,226,1994,5.51,30.1,0.565,1.12,1.165,1.1,0.85,0.465,0.24
293,Equatorial Guinea,226,2000,5.92,28.4,0.98,1.28,1.26,1.04,0.935,0.27,0.155
294,Equatorial Guinea,226,2001,5.61,29.7,0.64,1.3,1.27,0.82,0.775,0.545,0.26
295,Eritrea,232,1994,6.1,30,0.625,1.225,1.345,1.225,0.945,0.55,0.185
296,Eritrea,232,2000,4.78,30.8,0.385,0.925,1.02,0.94,0.835,0.44,0.23
297,Estonia,233,1970,2.16,26.7,0.165,0.795,0.655,0.365,0.15,0.035,0
298,Estonia,233,1986,2.18,25.9,0.21,0.9,0.605,0.305,0.13,0.025,0
299,Estonia,233,1995,1.32,25.6,0.18,0.505,0.37,0.175,0.07,0.015,0
300,Estonia,233,2005,1.5,28.2,0.105,0.36,0.485,0.355,0.165,0.03,0
301,Estonia,233,2010,1.64,29.3,0.09,0.3,0.525,0.44,0.23,0.05,0
302,Ethiopia,231,1969,5.75,28.4,0.815,1.435,1.32,0.94,0.75,0.32,0.17
303,Ethiopia,231,1981,6.83,30.6,0.575,1.365,1.495,1.32,1.125,0.62,0.325
304,Ethiopia,231,1999,5.52,29.7,0.5,1.175,1.255,1.215,0.84,0.445,0.095
305,Ethiopia,231,2003,5.41,29.8,0.52,1.14,1.205,1.155,0.8,0.42,0.17
306,Ethiopia,231,2010,4.8,29.8,0.395,1.035,1.185,0.96,0.75,0.34,0.14
307,Faroe Islands,234,1970,3.42,27.6,0.375,1.055,0.84,0.61,0.39,0.135,0.015
308,Faroe Islands,234,1985,2.28,27.8,0.17,0.59,0.78,0.465,0.23,0.04,0
309,Faroe Islands,234,1995,2.42,28.4,0.11,0.56,0.855,0.62,0.235,0.04,0.01
310,Faroe Islands,234,2005,2.62,29.5,0.065,0.475,0.95,0.69,0.37,0.06,0.005
311,Faroe Islands,234,2007,2.53,30,0.05,0.415,0.805,0.77,0.415,0.07,0
312,Fiji,242,1972,4.22,28.4,0.305,1.235,1.125,0.825,0.46,0.225,0.05
313,Fiji,242,1985,3.14,26.9,0.295,1.12,0.88,0.495,0.255,0.085,0.015
314,Fiji,242,1995,2.95,26.9,0.26,1.015,0.865,0.5,0.25,0.06,0
315,Fiji,242,2004,2.61,28.2,0.155,0.74,0.78,0.555,0.29,0.08,0.01
316,Fiji,242,2004,2.61,28.2,0.155,0.74,0.78,0.555,0.29,0.08,0.01
317,Finland,246,1970,1.82,27.1,0.165,0.6,0.525,0.325,0.155,0.045,0.005
318,Finland,246,1985,1.65,28.4,0.07,0.385,0.61,0.39,0.165,0.03,0
319,Finland,246,1995,1.81,29.3,0.05,0.33,0.65,0.525,0.21,0.04,0
320,Finland,246,2005,1.8,29.9,0.05,0.285,0.58,0.565,0.255,0.055,0.005
321,Finland,246,2010,1.88,30.2,0.04,0.285,0.585,0.605,0.295,0.06,0.005
322,France,250,1970,2.47,27.7,0.13,0.785,0.785,0.465,0.225,0.07,0.005
323,France,250,1985,1.83,28,0.06,0.485,0.715,0.395,0.15,0.03,0
324,France,250,1995,1.7,29.5,0.035,0.275,0.65,0.5,0.2,0.04,0
325,France,250,2005,1.91,30.2,0.04,0.275,0.645,0.605,0.28,0.065,0.005
326,France,250,2009,2.07,29.9,0.06,0.315,0.69,0.64,0.3,0.06,0.005
327,French Guiana,254,1970,5.02,27.5,0.69,1.545,1.02,0.92,0.57,0.26,0.02
328,French Guiana,254,1985,3.38,27.3,0.42,0.985,0.895,0.62,0.34,0.11,0.015
329,French Guiana,254,1995,3.7,27.8,0.32,1.08,0.935,0.75,0.405,0.105,0
330,French Guiana,254,2003,4,27.5,0.52,1.01,1.185,0.72,0.425,0.135,0.01
331,French Guiana,254,2007,3.91,28.5,0.42,0.885,1.06,0.835,0.495,0.2,0.02
332,French Polynesia,258,1968,6.68,28.4,0.545,1.895,1.765,1.245,0.78,0.395,0.055
333,French Polynesia,258,1985,3.81,26.9,0.495,1.22,0.965,0.625,0.365,0.13,0.01
334,French Polynesia,258,1995,2.75,27.3,0.31,0.785,0.77,0.56,0.25,0.075,0.005
335,French Polynesia,258,2005,2.16,27.8,0.26,0.545,0.575,0.46,0.245,0.07,0.005
336,French Polynesia,258,2010,2.13,28.5,0.205,0.515,0.57,0.45,0.29,0.095,0.005
337,Gabon,266,1993,5.17,28.3,0.8,1.18,1.125,0.99,0.675,0.3,0.1
338,Gabon,266,1999,4.22,27.9,0.71,0.98,0.885,0.86,0.5,0.24,0.04
339,Gambia,270,1973,6.35,28.3,1,1.5,1.45,1.05,0.8,0.35,0.2
340,Gambia,270,1988,5.95,28.2,0.835,1.35,1.19,1.14,0.65,0.39,0
341,Gambia,270,1993,6.04,28.8,0.835,1.36,1.38,1.105,0.795,0.375,0.19
342,Gambia,270,2000,5.3,30.2,0.52,1.125,1.17,0.97,0.83,0.36,0.315
343,Georgia,268,1970,2.68,27.2,0.18,0.95,0.775,0.47,0.23,0.06,0.01
344,Georgia,268,1985,2.26,25.9,0.245,0.92,0.625,0.315,0.13,0.025,0.005
345,Georgia,268,1995,1.54,25,0.32,0.565,0.33,0.21,0.085,0.02,0.005
346,Georgia,268,2005,1.39,26,0.195,0.485,0.375,0.22,0.095,0.02,0
347,Georgia,268,2011,1.69,26.4,0.215,0.56,0.475,0.285,0.125,0.03,0
348,Germany,276,1970,2.02,26.8,0.23,0.69,0.535,0.36,0.18,0.045,0.005
349,Germany,276,1985,1.39,27.4,0.08,0.4,0.51,0.285,0.1,0.015,0
350,Germany,276,1995,1.25,28.9,0.05,0.26,0.425,0.355,0.135,0.02,0
351,Germany,276,2005,1.33,29.5,0.05,0.24,0.415,0.42,0.18,0.03,0
352,Germany,276,2010,1.37,30.3,0.045,0.19,0.405,0.45,0.235,0.04,0
353,Ghana,288,1968,7.04,29.5,0.8,1.57,1.54,1.375,0.965,0.535,0.25
354,Ghana,288,1986,6.4,30.3,0.625,1.3,1.4,1.245,0.945,0.585,0.305
355,Ghana,288,1997,4.43,29.4,0.44,0.985,1.015,0.885,0.68,0.37,0.055
356,Ghana,288,2002,4.44,30.3,0.37,0.88,1.05,0.91,0.705,0.35,0.18
357,Ghana,288,2007,4.03,29.4,0.33,0.88,1.03,0.865,0.59,0.295,0.04
358,Gibraltar,292,1970,2.95,26.4,0.295,1.04,0.925,0.455,0.165,0.06,0
359,Gibraltar,292,1980,3.1,26.2,0.3,1.165,0.98,0.41,0.19,0.055,0
360,Gibraltar,292,1997,2.29,28.4,0.105,0.53,0.795,0.58,0.25,0.02,0.005
361,Gibraltar,292,2002,2.04,29,0.135,0.335,0.685,0.615,0.22,0.05,0
362,Gibraltar,292,2002,2.04,29,0.135,0.335,0.685,0.615,0.22,0.05,0
363,Greece,300,1970,2.43,27.4,0.185,0.73,0.775,0.475,0.215,0.045,0.005
364,Greece,300,1985,1.68,26.3,0.18,0.59,0.51,0.27,0.095,0.02,0
365,Greece,300,1995,1.32,28.2,0.065,0.315,0.485,0.315,0.12,0.02,0
366,Greece,300,2005,1.34,29.8,0.05,0.21,0.415,0.425,0.195,0.035,0.005
367,Greece,300,2009,1.52,30.2,0.06,0.23,0.43,0.495,0.25,0.05,0.005
368,Greenland,304,1970,3.47,27,0.57,1.025,0.82,0.525,0.34,0.18,0.015
369,Greenland,304,1985,2.23,26.4,0.375,0.65,0.57,0.42,0.165,0.045,0.01
370,Greenland,304,1995,2.54,26.5,0.36,0.8,0.675,0.46,0.185,0.055,0
371,Greenland,304,2005,2.34,26.6,0.33,0.735,0.59,0.45,0.19,0.035,0.005
372,Greenland,304,2011,2.07,27.8,0.205,0.52,0.585,0.49,0.245,0.025,0
373,Grenada,308,1969,4.64,27.8,0.63,1.235,1.11,0.86,0.56,0.21,0.025
374,Grenada,308,1985,3.54,27.5,0.575,0.87,0.89,0.635,0.39,0.16,0.025
375,Grenada,308,1997,3,28.4,0.355,0.67,0.78,0.645,0.38,0.175,0
376,Grenada,308,2000,2.49,28.6,0.265,0.535,0.665,0.57,0.32,0.135,0.005
377,Guadeloupe,312,1970,4.58,29.6,0.325,0.985,1.16,1.045,0.695,0.32,0.04
378,Guadeloupe,312,1985,2.58,28.4,0.18,0.61,0.85,0.555,0.275,0.095,0.01
379,Guadeloupe,312,1995,2.06,29.1,0.085,0.46,0.6,0.535,0.295,0.045,0
380,Guadeloupe,312,2003,2.16,29.4,0.125,0.405,0.665,0.545,0.325,0.095,0
381,Guadeloupe,312,2004,2.3,29.9,0.1,0.38,0.74,0.61,0.345,0.115,0.005
382,Guam,316,1970,4.75,27.7,0.475,1.4,1.33,0.805,0.515,0.205,0.01
383,Guam,316,1985,3.05,26.8,0.4,0.99,0.77,0.525,0.3,0.07,0
384,Guam,316,1992,3.66,26.6,0.55,1.085,1.005,0.62,0.305,0.085,0.005
385,Guam,316,2003,2.7,27.8,0.265,0.74,0.72,0.575,0.315,0.075,0.005
386,Guam,316,2004,2.8,28,0.26,0.73,0.795,0.595,0.315,0.085,0.01
387,Guatemala,320,1970,5.75,28.8,0.665,1.395,1.305,1.085,0.86,0.35,0.085
388,Guatemala,320,1985,5.88,29.2,0.615,1.37,1.355,1.13,0.915,0.41,0.095
389,Guatemala,320,1995,4.81,28.8,0.575,1.16,1.07,0.895,0.715,0.33,0.065
390,Guatemala,320,2004,3.97,28.6,0.5,0.97,0.905,0.73,0.545,0.27,0.055
391,Guatemala,320,2006,3.58,28.5,0.46,0.87,0.835,0.655,0.48,0.23,0.05
392,Guinea,324,1983,5.84,28.8,0.805,1.335,1.345,1.055,0.745,0.36,0.195
393,Guinea,324,1996,5.96,28.6,0.79,1.415,1.4,1.08,0.75,0.355,0.17
394,Guinea,324,1997,5.52,28.6,0.84,1.19,1.23,1.07,0.72,0.345,0.13
395,Guinea,324,2003,5.7,29,0.77,1.2,1.235,1.13,0.845,0.425,0.1
396,Guinea,324,2010,5.1,29.1,0.73,1.035,1.12,0.99,0.695,0.365,0.16
397,Guinea-Bissau,624,2000,7.36,29.6,0.85,1.51,1.64,1.44,1.05,0.72,0.15
398,Guyana,328,1972,4.88,27.6,0.57,1.415,1.21,0.92,0.56,0.21,0
399,Guyana,328,1986,2.63,27.3,0.335,0.775,0.655,0.525,0.245,0.07,0.025
400,Guyana,328,1991,2.36,27.8,0.29,0.665,0.605,0.41,0.26,0.09,0.04
401,Guyana,328,2002,3.71,28.5,0.42,0.985,0.895,0.67,0.45,0.195,0.1
402,Guyana,328,2007,2.77,26.6,0.505,0.815,0.58,0.51,0.275,0.065,0.02
403,Haiti,332,1971,5.7,31.8,0.185,0.99,1.36,1.29,1.005,0.58,0.295
404,Haiti,332,1986,6.4,30.1,0.44,1.35,1.54,1.405,0.985,0.575,0.1
405,Haiti,332,1993,4.78,30.2,0.38,0.895,1.165,1.03,0.83,0.39,0.095
406,Haiti,332,2003,3.53,30.9,0.19,0.68,0.815,0.78,0.615,0.315,0.135
407,Haiti,332,2004,3.92,30,0.34,0.805,0.845,0.875,0.66,0.325,0.065
408,Honduras,340,1972,7.5,29.3,0.855,1.58,1.695,1.535,1.105,0.635,0.09
409,Honduras,340,1984,5.33,28.7,0.58,1.245,1.34,1.005,0.775,0.385,0
410,Honduras,340,1994,4.95,28.6,0.68,1.215,1.05,0.845,0.71,0.39,0.06
411,Honduras,340,1999,4.44,27.8,0.685,1.145,1.01,0.805,0.47,0.28,0.045
412,Honduras,340,2004,3.26,27.6,0.51,0.845,0.75,0.61,0.365,0.16,0.025
413,Hungary,348,1970,1.98,25.5,0.25,0.815,0.55,0.26,0.09,0.02,0
414,Hungary,348,1985,1.83,25.1,0.26,0.76,0.515,0.215,0.07,0.015,0
415,Hungary,348,1995,1.57,26.3,0.155,0.52,0.545,0.25,0.085,0.015,0
416,Hungary,348,2005,1.22,28.5,0.09,0.235,0.41,0.335,0.125,0.02,0
417,Hungary,348,2010,1.25,29.3,0.09,0.2,0.37,0.385,0.175,0.035,0
418,Iceland,352,1970,2.79,27.3,0.365,0.825,0.695,0.505,0.29,0.105,0.005
419,Iceland,352,1985,1.95,27.4,0.175,0.56,0.585,0.405,0.185,0.03,0
420,Iceland,352,1995,2.08,28.7,0.115,0.47,0.645,0.555,0.255,0.045,0.005
421,Iceland,352,2005,2.04,29.4,0.07,0.41,0.65,0.57,0.29,0.055,0.005
422,Iceland,352,2010,2.19,30,0.065,0.36,0.69,0.64,0.37,0.07,0
423,India,356,1972,5.35,29.4,0.445,1.3,1.305,1.075,0.705,0.37,0.145
424,India,356,1985,4.27,27.9,0.445,1.29,1.095,0.75,0.405,0.2,0.085
425,India,356,1997,3.33,27.5,0.27,1.13,0.94,0.545,0.275,0.13,0.04
426,India,356,2005,2.88,26.8,0.23,1.115,0.8,0.44,0.175,0.085,0.03
427,India,356,2010,2.51,26.5,0.185,0.995,0.785,0.33,0.15,0.045,0.02
428,Indonesia,360,1973,4.78,28.1,0.635,1.25,1.13,0.85,0.58,0.26,0.08
429,Indonesia,360,1986,3.08,28.3,0.295,0.83,0.82,0.61,0.34,0.135,0.05
430,Indonesia,360,1996,2.79,28.1,0.31,0.715,0.745,0.54,0.33,0.12,0.03
431,Indonesia,360,2001,2.56,28.2,0.255,0.655,0.715,0.495,0.33,0.095,0.02
432,Indonesia,360,2006,2.59,28.3,0.255,0.675,0.67,0.54,0.325,0.095,0.03
433,Iran (Islamic Republic of),364,1974,6.49,28.8,0.76,1.58,1.505,1.21,0.845,0.425,0.16
434,Iran (Islamic Republic of),364,1986,6.96,29.5,0.745,1.515,1.565,1.37,1.055,0.56,0.145
435,Iran (Islamic Republic of),364,1996,2.96,30,0.27,0.675,0.66,0.52,0.445,0.28,0.105
436,Iran (Islamic Republic of),364,2000,2.17,28.3,0.175,0.55,0.655,0.45,0.24,0.08,0.02
437,Iran (Islamic Republic of),364,2006,1.89,28.4,0.155,0.465,0.545,0.425,0.215,0.065,0.02
438,Iraq,368,1974,7.13,31,0.45,1.3,1.675,1.48,1.215,0.71,0.3
439,Iraq,368,1989,5.21,30.2,0.435,1.055,1.2,1.075,0.865,0.43,0.155
440,Iraq,368,1996,4.64,30.4,0.295,0.91,1.12,1.06,0.74,0.405,0.115
441,Iraq,368,2001,4.02,30.1,0.25,0.79,1.02,0.945,0.67,0.29,0.06
442,Iraq,368,2005,4.32,29.5,0.34,0.935,1.105,0.94,0.68,0.28,0.045
443,Ireland,372,1970,3.85,30.3,0.085,0.73,1.13,1.005,0.66,0.225,0.02
444,Ireland,372,1985,2.49,29.9,0.085,0.435,0.8,0.68,0.37,0.105,0.01
445,Ireland,372,1995,1.88,30.3,0.075,0.26,0.535,0.64,0.305,0.065,0
446,Ireland,372,2005,1.88,31.2,0.085,0.23,0.395,0.65,0.435,0.085,0.005
447,Ireland,372,2010,2.13,31.2,0.075,0.27,0.495,0.695,0.485,0.105,0.005
448,Israel,376,1970,3.91,28.3,0.25,1.05,1.16,0.885,0.45,0.105,0.015
449,Israel,376,1985,3.12,28.5,0.125,0.815,1.005,0.72,0.36,0.085,0.005
450,Israel,376,1995,2.89,29.3,0.09,0.61,0.96,0.75,0.39,0.09,0.005
451,Israel,376,2005,2.83,30,0.075,0.535,0.85,0.8,0.455,0.115,0.01
452,Israel,376,2010,3.03,30.3,0.065,0.545,0.87,0.88,0.52,0.135,0.01
453,Italy,380,1970,2.41,28.2,0.16,0.63,0.765,0.5,0.265,0.08,0.005
454,Italy,380,1985,1.41,28.1,0.06,0.365,0.51,0.33,0.125,0.025,0
455,Italy,380,1995,1.19,29.8,0.035,0.18,0.405,0.38,0.16,0.03,0
456,Italy,380,2005,1.3,30.8,0.035,0.165,0.36,0.44,0.25,0.05,0
457,Italy,380,2010,1.43,31.3,0.03,0.17,0.375,0.475,0.305,0.07,0.005
458,Jamaica,388,1970,5.54,27.4,0.835,1.51,1.34,0.95,0.635,0.235,0.04
459,Jamaica,388,1984,2.95,26.8,0.54,0.8,0.695,0.495,0.29,0.115,0.015
460,Jamaica,388,1995,2.67,26.9,0.47,0.705,0.63,0.485,0.29,0.09,0.005
461,Jamaica,388,2004,1.93,27.3,0.315,0.515,0.43,0.35,0.225,0.08,0.005
462,Jamaica,388,2006,1.95,27.3,0.315,0.52,0.45,0.365,0.215,0.08,0.005
463,Japan,392,1970,2.1,27.8,0.02,0.485,1.045,0.43,0.1,0.015,0
464,Japan,392,1985,1.73,28.3,0.02,0.305,0.88,0.425,0.09,0.01,0
465,Japan,392,1995,1.39,29.4,0.02,0.2,0.565,0.465,0.13,0.015,0
466,Japan,392,2005,1.22,30,0.025,0.17,0.405,0.415,0.175,0.025,0
467,Japan,392,2010,1.35,30.6,0.025,0.17,0.425,0.47,0.23,0.04,0
468,Jordan,400,1974,7.63,29.5,0.62,1.715,1.825,1.66,1.2,0.515,0.095
469,Jordan,400,1989,5.57,30.4,0.245,1.095,1.48,1.32,0.94,0.395,0.095
470,Jordan,400,1996,4.35,29.9,0.215,0.86,1.23,1.03,0.72,0.24,0.055
471,Jordan,400,2006,3.59,29.9,0.14,0.74,1.06,0.81,0.605,0.205,0.03
472,Jordan,400,2008,3.85,29.7,0.16,0.76,1.19,0.91,0.63,0.185,0.015
473,Kazakhstan,398,1970,3.3,28.9,0.15,0.96,0.89,0.675,0.415,0.17,0.045
474,Kazakhstan,398,1987,2.98,27.3,0.205,1.05,0.845,0.52,0.265,0.09,0.005
475,Kazakhstan,398,1995,2.1,26,0.24,0.805,0.595,0.295,0.135,0.03,0.005
476,Kazakhstan,398,2005,2.21,27.7,0.135,0.695,0.665,0.435,0.23,0.05,0.005
477,Kazakhstan,398,2008,2.69,28.1,0.155,0.79,0.805,0.56,0.305,0.075,0.005
478,Kenya,404,1976,8.02,29.9,0.84,1.71,1.785,1.465,1.195,0.725,0.295
479,Kenya,404,1987,6.66,29,0.765,1.62,1.505,1.215,0.92,0.495,0.145
480,Kenya,404,1996,4.7,28.3,0.555,1.24,1.09,0.94,0.545,0.255,0.08
481,Kenya,404,2001,4.88,28.5,0.57,1.215,1.155,0.98,0.615,0.275,0.075
482,Kenya,404,2007,4.56,28.4,0.515,1.19,1.08,0.875,0.59,0.25,0.06
483,Kiribati,296,1973,4.34,28.9,0.33,1.135,1.1,0.86,0.615,0.255,0.04
484,Kiribati,296,1985,4.77,29.6,0.315,1.095,1.21,1.035,0.745,0.3,0.07
485,Kiribati,296,1995,4.53,30,0.305,0.95,1.1,1.025,0.75,0.3,0.1
486,Kiribati,296,2000,3.89,29.8,0.21,0.85,1.025,0.875,0.65,0.245,0.035
487,Kiribati,296,2005,3.46,29.6,0.195,0.795,0.875,0.81,0.53,0.22,0.03
488,Kuwait,414,1970,6.78,28.8,0.66,1.59,1.71,1.395,1.055,0.285,0.075
489,Kuwait,414,1985,4.31,29.4,0.255,0.99,1.17,0.93,0.71,0.26,0
490,Kuwait,414,1995,3.13,29.4,0.17,0.8,0.82,0.635,0.455,0.205,0.045
491,Kuwait,414,2005,2.76,29.8,0.085,0.65,0.75,0.68,0.42,0.155,0.02
492,Kuwait,414,2010,2.64,30,0.065,0.56,0.795,0.64,0.41,0.135,0.03
493,Kyrgyzstan,417,1970,4.86,29.8,0.205,1.305,1.125,0.995,0.775,0.35,0.1
494,Kyrgyzstan,417,1985,3.95,28.2,0.205,1.25,1.135,0.74,0.43,0.155,0.04
495,Kyrgyzstan,417,1996,3.36,26.4,0.375,1.23,0.895,0.565,0.235,0.065,0
496,Kyrgyzstan,417,2006,2.74,28,0.14,0.87,0.795,0.525,0.3,0.09,0.015
497,Kyrgyzstan,417,2010,3.13,28.4,0.17,0.88,0.915,0.68,0.355,0.11,0.015
498,Lao People's Democratic Republic,418,1992,6.38,29.6,0.575,1.485,1.44,1.23,0.95,0.54,0.155
499,Lao People's Democratic Republic,418,1997,4.88,29.6,0.51,1.14,1.12,0.86,0.635,0.35,0.265
500,Lao People's Democratic Republic,418,2004,4.08,28.7,0.38,1.14,1.03,0.675,0.485,0.255,0.11
501,Lao People's Democratic Republic,418,2005,4.55,28,0.55,1.1,1.2,0.95,0.55,0.2,0
502,Latvia,428,1970,2.02,27,0.14,0.735,0.59,0.35,0.16,0.04,0
503,Latvia,428,1986,2.2,26.1,0.225,0.865,0.62,0.32,0.145,0.03,0
504,Latvia,428,1995,1.25,25.8,0.15,0.49,0.355,0.165,0.075,0.015,0
505,Latvia,428,2005,1.31,28.2,0.08,0.335,0.42,0.305,0.14,0.03,0
506,Latvia,428,2010,1.17,28.6,0.085,0.245,0.37,0.285,0.14,0.035,0
507,Lebanon,422,1970,4.57,30.2,0.2,0.92,1.295,1.07,0.67,0.325,0.09
508,Lebanon,422,1988,3.08,28.8,0.235,0.75,0.875,0.63,0.43,0.125,0.04
509,Lebanon,422,1993,2.53,29,0.15,0.615,0.735,0.56,0.335,0.11,0.025
510,Lebanon,422,1995,2.91,29.6,0.13,0.61,0.855,0.745,0.42,0.13,0.025
511,Lebanon,422,2001,1.89,29.3,0.09,0.385,0.6,0.485,0.235,0.065,0.025
512,Lesotho,426,1971,5.62,30.3,0.305,1.24,1.355,1.235,0.865,0.435,0.185
513,Lesotho,426,1986,5.49,30.2,0.35,1.23,1.28,1.115,0.89,0.475,0.15
514,Lesotho,426,1991,4.77,31,0.27,0.93,1.07,1.06,0.745,0.5,0.19
515,Lesotho,426,2003,3.54,28.5,0.46,0.885,0.8,0.61,0.51,0.23,0.045
516,Lesotho,426,2008,3.3,27.9,0.48,0.855,0.775,0.585,0.37,0.2,0.035
517,Liberia,430,1984,6.66,29.3,0.94,1.435,1.41,1.145,0.885,0.535,0.305
518,Liberia,430,1999,6.16,30.2,0.675,1.395,1.205,1.055,0.855,0.56,0.415
519,Liberia,430,2005,5.2,28.8,0.705,1.215,1.13,0.935,0.71,0.36,0.145
520,Liberia,430,2007,5.88,28.7,0.885,1.34,1.205,1.07,0.83,0.405,0.145
521,Libya,434,1972,7.24,30,0.57,1.54,1.75,1.43,1.225,0.55,0.175
522,Libya,434,1981,6.32,30.8,0.335,1.275,1.45,1.385,1.12,0.54,0.215
523,Libya,434,1994,3.87,33.3,0.03,0.34,0.84,1.115,0.95,0.5,0.095
524,Libya,434,2002,2.51,32.5,0.02,0.24,0.62,0.78,0.565,0.26,0.025
525,Libya,434,2005,2.66,32.9,0.025,0.25,0.61,0.765,0.66,0.29,0.055
526,Liechtenstein,438,1968,2.79,30.1,0.02,0.52,1.02,0.675,0.365,0.175,0.015
527,Liechtenstein,438,1986,1.44,29.5,0.03,0.245,0.555,0.415,0.155,0.035,0.015
528,Liechtenstein,438,1995,1.56,30.2,0.045,0.225,0.44,0.58,0.235,0.025,0.01
529,Liechtenstein,438,2005,1.5,31.1,0.035,0.165,0.385,0.575,0.285,0.055,0
530,Liechtenstein,438,2010,1.41,31.2,0.005,0.165,0.39,0.54,0.265,0.045,0.005
531,Lithuania,440,1970,2.39,27.8,0.12,0.79,0.71,0.44,0.24,0.075,0.005
532,Lithuania,440,1985,2.1,26.9,0.11,0.79,0.68,0.33,0.14,0.04,0
533,Lithuania,440,1995,1.49,25.6,0.2,0.575,0.425,0.195,0.08,0.015,0
534,Lithuania,440,2005,1.27,27.6,0.095,0.335,0.45,0.265,0.105,0.02,0
535,Lithuania,440,2010,1.55,28.9,0.07,0.28,0.57,0.435,0.165,0.03,0
536,Luxembourg,442,1970,1.98,27.2,0.14,0.655,0.63,0.325,0.165,0.045,0
537,Luxembourg,442,1985,1.4,27.9,0.055,0.365,0.53,0.335,0.1,0.015,0
538,Luxembourg,442,1995,1.7,28.9,0.055,0.335,0.635,0.485,0.175,0.025,0
539,Luxembourg,442,2005,1.63,29.7,0.06,0.27,0.51,0.51,0.235,0.045,0
540,Luxembourg,442,2010,1.62,30.8,0.04,0.21,0.45,0.575,0.28,0.065,0.005
541,Madagascar,450,1966,6.62,29.3,0.705,1.5,1.435,1.42,0.915,0.485,0.16
542,Madagascar,450,1980,6.63,30.2,0.63,1.41,1.44,1.26,1.045,0.51,0.335
543,Madagascar,450,1996,5.96,28.5,0.9,1.395,1.27,1.075,0.76,0.44,0.125
544,Madagascar,450,2002,5.18,28.4,0.75,1.225,1.175,0.945,0.65,0.345,0.085
545,Madagascar,450,2007,4.82,28.2,0.74,1.17,1.035,0.845,0.655,0.315,0.065
546,Malawi,454,1970,6.65,30.6,0.66,1.295,1.48,1.17,1.08,0.545,0.43
547,Malawi,454,1982,7.58,29.7,1.01,1.595,1.545,1.365,1.005,0.645,0.415
548,Malawi,454,1999,6.35,28.9,0.86,1.525,1.36,1.095,0.835,0.47,0.205
549,Malawi,454,2003,6.04,28.8,0.81,1.465,1.27,1.11,0.815,0.4,0.175
550,Malawi,454,2009,5.71,29,0.76,1.345,1.19,1.03,0.81,0.41,0.165
551,Malaysia,458,1970,4.67,29.4,0.27,1.165,1.18,1.08,0.63,0.27,0.075
552,Malaysia,458,1986,3.73,30,0.12,0.735,1.145,0.92,0.575,0.215,0.025
553,Malaysia,458,1995,3.33,30,0.085,0.625,1.065,0.855,0.5,0.175,0.02
554,Malaysia,458,2003,2.45,30.4,0.065,0.385,0.765,0.695,0.405,0.125,0.015
555,Malaysia,458,2004,2.41,30.4,0.065,0.375,0.745,0.68,0.405,0.125,0.015
556,Maldives,462,1967,6.14,29.1,0.655,1.47,1.38,1.175,0.91,0.475,0.075
557,Maldives,462,1989,6.42,29.6,0.53,1.43,1.515,1.35,0.995,0.48,0.115
558,Maldives,462,1996,3.67,28.8,0.275,0.98,0.95,0.68,0.545,0.205,0.03
559,Maldives,462,2006,2.16,28.8,0.075,0.59,0.65,0.485,0.275,0.08,0.005
560,Maldives,462,2010,2.26,28.8,0.08,0.635,0.665,0.5,0.29,0.085,0.01
561,Mali,466,1960,6.62,28.5,0.975,1.555,1.45,1.21,0.855,0.39,0.185
562,Mali,466,1985,7.1,29,1.03,1.51,1.495,1.34,1.025,0.54,0.16
563,Mali,466,1994,6.72,28.8,0.935,1.495,1.48,1.22,1.025,0.455,0.105
564,Mali,466,1999,6.78,29.2,0.925,1.45,1.4,1.3,1.01,0.515,0.175
565,Mali,466,2005,6.57,28.8,0.94,1.415,1.46,1.275,0.9,0.455,0.125
566,Malta,470,1970,2.02,29,0.065,0.51,0.655,0.44,0.26,0.085,0.005
567,Malta,470,1985,1.93,28.9,0.06,0.42,0.7,0.475,0.22,0.055,0
568,Malta,470,1995,1.82,29,0.05,0.34,0.715,0.485,0.185,0.04,0
569,Malta,470,2005,1.38,28.9,0.08,0.225,0.485,0.415,0.135,0.03,0
570,Malta,470,2010,1.35,29.5,0.09,0.185,0.42,0.415,0.21,0.025,0
571,Marshall Islands,584,1973,8.43,30.6,0.63,1.61,1.9,1.87,1.42,0.65,0.35
572,Marshall Islands,584,1985,5.34,27.3,0.63,1.74,1.21,0.96,0.59,0.185,0.025
573,Marshall Islands,584,1995,3.93,26.6,0.525,1.245,1.08,0.675,0.285,0.11,0.005
574,Marshall Islands,584,2005,3.74,26.6,0.54,1.15,1.055,0.585,0.305,0.09,0.015
575,Marshall Islands,584,2006,3.73,26.5,0.525,1.115,1.145,0.58,0.29,0.065,0.01
576,Martinique,474,1970,4.39,29.6,0.29,0.955,1.16,0.955,0.65,0.34,0.035
577,Martinique,474,1985,2.14,28.5,0.135,0.485,0.72,0.505,0.23,0.06,0.005
578,Martinique,474,1995,1.82,29.3,0.07,0.37,0.535,0.525,0.25,0.04,0
579,Martinique,474,2004,1.93,29.9,0.105,0.305,0.58,0.535,0.31,0.085,0.005
580,Martinique,474,2007,1.99,29.9,0.1,0.355,0.585,0.515,0.325,0.105,0.005
581,Mauritania,478,1976,6.69,30,0.59,1.3,1.58,1.47,1.095,0.49,0.16
582,Mauritania,478,1989,5.01,31.3,0.405,0.86,1.065,1.035,0.82,0.49,0.34
583,Mauritania,478,1999,4.49,30.3,0.395,0.835,1.035,0.97,0.71,0.405,0.135
584,Mauritania,478,2000,4.31,31.6,0.305,0.715,0.92,0.905,0.735,0.45,0.28
585,Mauritania,478,2001,4.59,30.7,0.44,0.84,0.955,0.94,0.73,0.47,0.215
586,Mauritius,480,1970,3.83,28.8,0.295,0.96,1.05,0.735,0.57,0.19,0.025
587,Mauritius,480,1983,2.28,27.5,0.215,0.685,0.65,0.425,0.225,0.07,0.01
588,Mauritius,480,1995,2.13,27.1,0.195,0.675,0.65,0.405,0.17,0.04,0
589,Mauritius,480,2005,1.81,27.2,0.16,0.565,0.545,0.35,0.15,0.04,0
590,Mauritius,480,2010,1.46,27.4,0.15,0.395,0.455,0.3,0.13,0.035,0
591,Mayotte,175,1978,7.93,28.6,0.95,1.905,1.89,1.47,1.11,0.485,0.12
592,Mayotte,175,1996,5.52,29.5,0.585,1.245,1.235,1.065,0.755,0.465,0.165
593,Mayotte,175,2002,4.66,28.6,0.54,1.115,1.13,0.91,0.65,0.255,0.06
594,Mayotte,175,2004,4.44,28.7,0.53,1.02,1.055,0.885,0.64,0.265,0.05
595,Mexico,484,1970,6.56,30,0.46,1.435,1.575,1.285,1.09,0.72,0
596,Mexico,484,1985,4.6,28.4,0.475,1.22,1.16,0.835,0.59,0.25,0.07
597,Mexico,484,1995,3.26,27.8,0.425,0.86,0.83,0.62,0.355,0.135,0.04
598,Mexico,484,2005,2.77,26.9,0.42,0.8,0.705,0.49,0.26,0.08,0.01
599,Mexico,484,2008,2.77,26.7,0.435,0.8,0.715,0.495,0.25,0.075,0.01
600,Micronesia (Federated States of),583,1973,7.17,30.2,0.39,1.44,1.845,1.655,1.16,0.58,0.1
601,Micronesia (Federated States of),583,1980,6.19,31.6,0.285,1.11,1.405,1.3,1.12,0.655,0.32
602,Micronesia (Federated States of),583,1994,4.04,30.9,0.235,0.77,0.94,0.885,0.665,0.395,0.145
603,Micronesia (Federated States of),583,2003,3.11,29.3,0.26,0.63,0.905,0.635,0.455,0.205,0.025
604,Micronesia (Federated States of),583,2003,3.11,29.3,0.26,0.63,0.905,0.635,0.455,0.205,0.025
605,Mongolia,496,1973,7.49,31.5,0.415,1.01,1.82,1.84,1.5,0.685,0.22
606,Mongolia,496,1985,5.48,29.7,0.175,1.325,1.745,1.065,0.66,0.375,0.13
607,Mongolia,496,1995,2.65,27.8,0.155,0.91,0.76,0.44,0.25,0.105,0.035
608,Mongolia,496,2005,1.96,28.5,0.075,0.55,0.615,0.42,0.215,0.06,0.02
609,Mongolia,496,2008,2.59,28.7,0.095,0.705,0.805,0.57,0.32,0.085,0.01
610,Montenegro,499,1970,2.6,28.1,0.14,0.795,0.755,0.52,0.27,0.095,0.02
611,Montenegro,499,1985,2.12,27.3,0.155,0.665,0.67,0.405,0.18,0.04,0
612,Montenegro,499,1990,1.79,28,0.095,0.525,0.555,0.385,0.18,0.05,0
613,Montenegro,499,2005,1.6,28.4,0.08,0.4,0.53,0.38,0.17,0.04,0.005
614,Montenegro,499,2009,1.85,28.5,0.115,0.435,0.595,0.445,0.215,0.04,0.005
615,Montserrat,500,1985,2.26,25.7,0.5,0.655,0.53,0.395,0.125,0.035,0.02
616,Montserrat,500,1995,1.56,28.1,0.255,0.36,0.35,0.275,0.185,0.14,0
617,Montserrat,500,2003,1.61,27.4,0.23,0.315,0.51,0.415,0.11,0.035,0
618,Montserrat,500,2004,1.76,29.1,0.27,0.23,0.47,0.39,0.26,0.135,0
619,Morocco,504,1971,6.88,30.1,0.33,1.48,1.825,1.52,1.1,0.465,0.165
620,Morocco,504,1985,4.64,31.1,0.23,0.85,1.135,1,0.83,0.4,0.2
621,Morocco,504,1993,3.3,31.3,0.175,0.625,0.69,0.73,0.585,0.41,0.09
622,Morocco,504,2002,2.48,29.7,0.16,0.52,0.62,0.625,0.39,0.14,0.025
623,Morocco,504,2008,2.6,30.1,0.16,0.53,0.665,0.585,0.415,0.2,0.04
624,Mozambique,508,1970,6.7,30.4,0.665,1.47,1.355,1.175,0.98,0.7,0.355
625,Mozambique,508,1980,6.49,30,0.655,1.535,1.395,0.98,0.885,0.795,0.245
626,Mozambique,508,1995,5.16,28.4,0.855,1.17,1.165,0.845,0.525,0.47,0.135
627,Mozambique,508,2002,5.54,28.8,0.895,1.23,1.13,0.955,0.74,0.375,0.215
628,Mozambique,508,2010,5.92,29,0.835,1.32,1.255,1.07,0.84,0.42,0.18
629,Myanmar,104,1989,3.52,30.3,0.215,0.705,0.875,0.77,0.585,0.295,0.07
630,Myanmar,104,1995,2.83,30.8,0.14,0.53,0.705,0.64,0.455,0.33,0.03
631,Myanmar,104,2005,1.85,30.4,0.09,0.34,0.485,0.45,0.335,0.14,0.02
632,Myanmar,104,2006,1.9,30.7,0.085,0.335,0.49,0.485,0.325,0.15,0.03
633,Namibia,516,1988,5.22,27.7,0.925,1.27,1.09,0.92,0.66,0.355,0
634,Namibia,516,1991,5.36,30.2,0.545,1.035,1.205,1.04,0.83,0.525,0.185
635,Namibia,516,1999,4.18,30.2,0.44,0.83,0.88,0.8,0.685,0.355,0.19
636,Namibia,516,2001,3.22,30.3,0.25,0.67,0.715,0.675,0.51,0.295,0.11
637,Namibia,516,2005,3.56,28.9,0.39,0.845,0.795,0.725,0.55,0.22,0.04
638,Nauru,520,1968,5.18,29.8,0.325,1.02,1.46,1.105,0.995,0.19,0.085
639,Nauru,520,1992,3.87,27.7,0.35,1.01,1.35,0.62,0.42,0.125,0
640,Nauru,520,1995,3.55,27.7,0.41,0.95,0.89,0.73,0.52,0.045,0
641,Nauru,520,2002,3.82,25.8,0.565,1.355,1.065,0.545,0.22,0.065,0
642,Nauru,520,2005,3.36,28,0.345,1,0.775,0.705,0.28,0.25,0
643,Nepal,524,1971,6.3,30.4,0.375,1.34,1.55,1.305,0.98,0.545,0.215
644,Nepal,524,1985,5.11,29.3,0.495,1.305,1.15,1,0.57,0.34,0.245
645,Nepal,524,1994,4.64,27.5,0.635,1.33,1.145,0.8,0.47,0.185,0.075
646,Nepal,524,2004,3.13,26,0.49,1.17,0.72,0.42,0.24,0.08,0.01
647,Nepal,524,2009,2.6,26.1,0.405,0.935,0.63,0.355,0.18,0.07,0.025
648,Netherlands,528,1970,2.58,28.2,0.115,0.685,0.925,0.54,0.245,0.07,0.005
649,Netherlands,528,1985,1.51,28.4,0.035,0.305,0.655,0.405,0.095,0.015,0
650,Netherlands,528,1995,1.54,30,0.03,0.195,0.53,0.565,0.195,0.025,0
651,Netherlands,528,2005,1.68,31,0.02,0.175,0.495,0.625,0.31,0.05,0
652,Netherlands,528,2010,1.81,30.7,0.025,0.195,0.575,0.68,0.285,0.045,0
653,Netherlands Antilles,530,1971,3.08,28.7,0.245,0.755,0.845,0.65,0.415,0.15,0.02
654,Netherlands Antilles,530,1989,2.25,27.8,0.215,0.58,0.68,0.46,0.26,0.05,0
655,Netherlands Antilles,530,1991,2.31,27.7,0.245,0.61,0.615,0.545,0.245,0.05,0
656,Netherlands Antilles,530,2004,1.86,27.7,0.205,0.48,0.52,0.405,0.21,0.05,0
657,Netherlands Antilles,530,2007,1.87,28.4,0.17,0.44,0.52,0.415,0.255,0.06,0.005
658,New Caledonia,540,1970,5.29,27.9,0.635,1.555,1.215,0.9,0.63,0.31,0.04
659,New Caledonia,540,1985,2.92,28.1,0.23,0.845,0.81,0.57,0.315,0.13,0.02
660,New Caledonia,540,1995,2.56,28.1,0.165,0.66,0.82,0.58,0.27,0.055,0.005
661,New Caledonia,540,2005,2.2,29,0.105,0.53,0.645,0.53,0.3,0.085,0.005
662,New Caledonia,540,2007,2.19,29.3,0.1,0.46,0.67,0.565,0.31,0.08,0.005
663,New Zealand,554,1970,3.15,26.7,0.31,1.045,1,0.5,0.225,0.06,0.005
664,New Zealand,554,1985,1.92,27.2,0.145,0.52,0.725,0.395,0.11,0.02,0
665,New Zealand,554,1995,1.98,28.3,0.165,0.415,0.615,0.53,0.22,0.035,0
666,New Zealand,554,2005,2,29.5,0.135,0.345,0.535,0.6,0.32,0.06,0.005
667,New Zealand,554,2011,2.06,29.8,0.13,0.36,0.525,0.61,0.355,0.075,0.005
668,Nicaragua,558,1971,6,29.8,0.505,1.315,1.4,1.205,0.96,0.45,0.165
669,Nicaragua,558,1983,5.79,28,0.91,1.375,1.32,1.04,0.75,0.31,0.085
670,Nicaragua,558,1997,3.62,27.2,0.65,0.96,0.81,0.61,0.39,0.16,0.045
671,Nicaragua,558,2000,3.23,26.9,0.595,0.89,0.725,0.54,0.32,0.13,0.03
672,Nicaragua,558,2005,2.7,26.4,0.53,0.745,0.64,0.43,0.275,0.07,0.01
673,Niger,562,1960,7.09,29,0.875,1.705,1.53,1.295,0.955,0.495,0.235
674,Niger,562,1988,7.5,28.6,1.055,1.71,1.715,1.36,1.03,0.435,0.2
675,Niger,562,1996,7.2,28.7,1.09,1.555,1.54,1.365,0.975,0.485,0.19
676,Niger,562,2001,7.07,30.2,0.765,1.435,1.53,1.24,1.065,0.66,0.375
677,Niger,562,2004,7.02,29,0.995,1.5,1.49,1.335,1.035,0.465,0.195
678,Nigeria,566,1972,7.32,28.7,0.85,1.775,1.675,1.52,0.905,0.495,0.105
679,Nigeria,566,1988,6.01,29.7,0.73,1.29,1.315,1.1,0.795,0.46,0.32
680,Nigeria,566,2001,5.66,29.2,0.63,1.145,1.37,1.22,0.84,0.36,0.09
681,Nigeria,566,2007,5.72,29.8,0.605,1.125,1.325,1.205,0.805,0.435,0.22
682,Niue,570,1969,6.23,28.4,0.5,1.545,1.825,1.39,0.675,0.27,0.025
683,Niue,570,1994,3.02,28.3,0.175,0.85,0.955,0.56,0.355,0.13,0
684,Niue,570,2001,3.04,29.2,0.175,0.85,0.685,0.675,0.49,0.1,0.075
685,Niue,570,2009,2.82,29,0.08,0.715,0.95,0.715,0.16,0.125,0.075
686,Northern Mariana Islands,580,1968,7.75,29.5,0.57,1.575,2.21,1.63,1.19,0.575,0
687,Northern Mariana Islands,580,1988,4.17,27.3,0.535,1.17,1.08,0.82,0.44,0.115,0.01
688,Northern Mariana Islands,580,1995,2.13,27.9,0.39,0.41,0.46,0.495,0.28,0.085,0.01
689,Northern Mariana Islands,580,2002,1.56,26.8,0.27,0.46,0.34,0.265,0.175,0.05,0
690,Norway,578,1970,2.5,27,0.225,0.84,0.74,0.44,0.205,0.05,0.005
691,Norway,578,1985,1.68,27.5,0.09,0.47,0.63,0.355,0.115,0.02,0
692,Norway,578,1995,1.88,28.8,0.07,0.39,0.67,0.52,0.2,0.03,0
693,Norway,578,2005,1.84,29.8,0.04,0.295,0.62,0.595,0.245,0.045,0
694,Norway,578,2010,1.97,30.1,0.04,0.305,0.625,0.655,0.285,0.055,0.005
695,Oman,512,1987,7.51,29,0.64,1.775,1.925,1.64,0.98,0.45,0.105
696,Oman,512,1993,7.39,30.7,0.5,1.465,1.7,1.575,1.155,0.6,0.395
697,Oman,512,2007,2.59,31.7,0.04,0.375,0.7,0.68,0.495,0.225,0.07
698,Oman,512,2010,2.97,30.8,0.06,0.525,0.85,0.78,0.5,0.21,0.05
699,Pakistan,586,1973,6.27,29.5,0.52,1.33,1.57,1.32,1.02,0.465,0.04
700,Pakistan,586,1985,7.01,30.8,0.295,1.365,1.755,1.635,1.175,0.545,0.24
701,Pakistan,586,1996,5.48,29.6,0.275,1.29,1.48,1.275,0.715,0.33,0.115
702,Pakistan,586,2005,3.79,30.3,0.1,0.79,1.13,0.9,0.535,0.25,0.09
703,Pakistan,586,2007,3.69,30.4,0.08,0.75,1.125,0.865,0.515,0.265,0.09
704,Palau,585,1971,6.52,31.7,0.385,1.08,1.485,1.29,1.185,0.725,0.365
705,Palau,585,1980,3.05,29.9,0.28,0.835,0.585,0.585,0.27,0.205,0.285
706,Palau,585,1995,2.83,27.9,0.395,0.675,0.67,0.605,0.42,0.055,0.015
707,Palau,585,2004,1.91,28.3,0.12,0.57,0.525,0.375,0.22,0.095,0
708,Palau,585,2005,2.02,28.7,0.155,0.585,0.435,0.465,0.24,0.125,0.015
709,Panama,591,1970,5.07,27.8,0.66,1.375,1.235,0.92,0.615,0.22,0.045
710,Panama,591,1985,3.2,27,0.49,0.925,0.815,0.525,0.305,0.11,0.025
711,Panama,591,1995,2.72,26.7,0.47,0.75,0.665,0.505,0.24,0.075,0.015
712,Panama,591,2005,2.39,26.6,0.42,0.68,0.575,0.41,0.225,0.07,0.005
713,Panama,591,2010,2.4,26.6,0.43,0.665,0.585,0.425,0.225,0.06,0.005
714,Papua New Guinea,598,1970,7.11,30.6,0.39,1.58,1.635,1.455,1.12,0.635,0.295
715,Papua New Guinea,598,1979,5.94,30.4,0.435,1.29,1.415,1.165,0.84,0.485,0.315
716,Papua New Guinea,598,1994,4.84,29.8,0.385,1.145,1.17,0.945,0.61,0.41,0.175
717,Papua New Guinea,598,2000,4.55,30.7,0.35,0.94,1.025,0.88,0.67,0.45,0.24
718,Papua New Guinea,598,2004,4.38,29.8,0.325,1.045,1.04,0.885,0.635,0.3,0.155
719,Paraguay,600,1972,5.86,30.8,0.315,1.14,1.365,1.265,1.05,0.585,0.14
720,Paraguay,600,1988,4.71,29.3,0.485,1.045,1.07,0.98,0.71,0.355,0.065
721,Paraguay,600,1997,4.34,28.7,0.435,1.08,1.07,0.835,0.66,0.185,0.075
722,Paraguay,600,2003,2.92,28.3,0.325,0.75,0.71,0.61,0.345,0.18,0
723,Paraguay,600,2007,2.46,27.9,0.315,0.6,0.665,0.485,0.245,0.15,0
724,Peru,604,1969,6.18,29.9,0.435,1.275,1.62,1.365,0.88,0.38,0.225
725,Peru,604,1985,4.12,29.4,0.395,0.92,0.995,0.805,0.61,0.32,0.07
726,Peru,604,1995,3.53,28.7,0.375,0.895,0.81,0.7,0.495,0.22,0.035
727,Peru,604,2006,2.5,28.3,0.315,0.61,0.61,0.495,0.32,0.135,0.02
728,Peru,604,2008,2.58,28.4,0.305,0.62,0.62,0.54,0.36,0.125,0.015
729,Philippines,608,1968,5.89,30.6,0.28,1.135,1.51,1.36,0.995,0.5,0.11
730,Philippines,608,1985,4.42,30,0.24,0.96,1.145,0.99,0.7,0.31,0.075
731,Philippines,608,1996,3.73,29.2,0.23,0.885,1.05,0.775,0.555,0.2,0.035
732,Philippines,608,2002,3.54,28.9,0.265,0.89,0.955,0.71,0.475,0.215,0.025
733,Philippines,608,2007,3.26,28.8,0.27,0.815,0.86,0.68,0.42,0.19,0.03
734,Poland,616,1970,2.23,27.1,0.15,0.81,0.66,0.365,0.185,0.055,0.005
735,Poland,616,1985,2.33,26.4,0.175,0.915,0.705,0.35,0.15,0.035,0
736,Poland,616,1995,1.61,26.9,0.11,0.565,0.52,0.27,0.115,0.03,0
737,Poland,616,2005,1.15,28.2,0.06,0.27,0.42,0.27,0.105,0.02,0
738,Poland,616,2010,1.38,28.8,0.075,0.27,0.47,0.37,0.16,0.03,0
739,Portugal,620,1970,3.1,29,0.155,0.77,0.94,0.64,0.405,0.175,0.015
740,Portugal,620,1985,1.77,27.1,0.17,0.555,0.54,0.31,0.14,0.045,0.005
741,Portugal,620,1995,1.41,28.1,0.1,0.315,0.485,0.35,0.125,0.025,0
742,Portugal,620,2005,1.41,29.3,0.095,0.24,0.42,0.425,0.19,0.035,0
743,Portugal,620,2009,1.32,29.7,0.075,0.22,0.365,0.41,0.21,0.04,0
744,Puerto Rico,630,1970,3.15,27.1,0.36,0.97,0.91,0.515,0.28,0.105,0.015
745,Puerto Rico,630,1985,2.42,26.4,0.325,0.74,0.75,0.41,0.155,0.035,0.005
746,Puerto Rico,630,1995,2.07,25.9,0.375,0.62,0.55,0.355,0.14,0.03,0
747,Puerto Rico,630,2005,1.76,26,0.305,0.55,0.465,0.29,0.12,0.025,0
748,Puerto Rico,630,2008,1.61,25.9,0.275,0.53,0.41,0.26,0.115,0.025,0
749,Qatar,634,1985,4.49,30.2,0.215,0.845,1.305,1.075,0.655,0.255,0.135
750,Qatar,634,1988,4.56,27.8,0.325,1.335,1.42,0.91,0.39,0.145,0.04
751,Qatar,634,1996,3.24,29,0.13,0.865,1.005,0.63,0.39,0.17,0.05
752,Qatar,634,2005,2.52,29.8,0.09,0.615,0.695,0.53,0.41,0.16,0.025
753,Qatar,634,2010,2.02,30.2,0.08,0.425,0.51,0.51,0.335,0.145,0.02
754,Republic of Korea,410,1970,4.27,29.8,0.065,0.87,1.49,1.035,0.555,0.215,0.04
755,Republic of Korea,410,1985,1.66,26.4,0.05,0.595,0.77,0.19,0.04,0.01,0
756,Republic of Korea,410,1996,1.66,28.2,0.015,0.29,0.9,0.36,0.08,0.01,0
757,Republic of Korea,410,2005,1.14,30,0.01,0.095,0.485,0.435,0.1,0.015,0
758,Republic of Korea,410,2010,1.31,31,0.01,0.085,0.425,0.595,0.175,0.02,0
759,Republic of Moldova,498,1969,2.56,28.2,0.14,0.82,0.675,0.5,0.31,0.105,0.015
760,Republic of Moldova,498,1987,2.62,26.4,0.245,1,0.745,0.395,0.205,0.03,0.005
761,Republic of Moldova,498,1995,1.75,24.8,0.305,0.71,0.45,0.2,0.07,0.015,0
762,Republic of Moldova,498,2005,1.22,26.1,0.145,0.435,0.355,0.19,0.08,0.01,0
763,Republic of Moldova,498,2010,1.35,26.9,0.13,0.42,0.42,0.26,0.105,0.02,0
764,Réunion,638,1970,4.4,29,0.31,1.195,1.085,0.855,0.625,0.295,0.04
765,Réunion,638,1985,2.72,27.8,0.3,0.745,0.73,0.535,0.3,0.1,0.015
766,Réunion,638,1995,2.24,28.3,0.2,0.55,0.66,0.48,0.275,0.08,0.005
767,Réunion,638,2005,2.45,29.1,0.185,0.485,0.71,0.63,0.33,0.105,0.005
768,Réunion,638,2007,2.41,28.8,0.215,0.49,0.67,0.635,0.31,0.085,0.005
769,Romania,642,1970,2.89,26.7,0.33,1.005,0.76,0.475,0.245,0.07,0.005
770,Romania,642,1985,2.26,25.4,0.285,0.955,0.605,0.275,0.105,0.025,0
771,Romania,642,1995,1.34,25,0.21,0.55,0.365,0.145,0.055,0.015,0
772,Romania,642,2005,1.32,26.7,0.17,0.365,0.42,0.26,0.095,0.02,0
773,Romania,642,2010,1.33,27.1,0.185,0.315,0.405,0.285,0.115,0.025,0
774,Russian Federation,643,1970,2.01,26.9,0.15,0.765,0.55,0.34,0.16,0.04,0.005
775,Russian Federation,643,1985,2.05,25.8,0.235,0.82,0.56,0.3,0.115,0.02,0
776,Russian Federation,643,1995,1.33,24.8,0.22,0.565,0.335,0.15,0.055,0.01,0
777,Russian Federation,643,2005,1.29,26.5,0.14,0.435,0.39,0.23,0.09,0.015,0
778,Russian Federation,643,2010,1.57,27.5,0.14,0.435,0.475,0.335,0.15,0.03,0
779,Rwanda,646,1969,7.66,30.6,0.235,1.68,1.915,1.745,1.26,0.59,0.235
780,Rwanda,646,1982,8.49,31.3,0.395,1.635,1.89,1.835,1.48,0.92,0.34
781,Rwanda,646,1991,6.23,31.3,0.3,1.135,1.47,1.35,1.07,0.675,0.23
782,Rwanda,646,2003,6.08,31,0.21,1.175,1.525,1.365,1.055,0.585,0.16
783,Rwanda,646,2006,4.56,30.6,0.205,0.945,1.13,1,0.74,0.44,0.1
784,Saint Kitts and Nevis,659,1970,5.09,27.6,0.735,1.275,1.29,0.915,0.68,0.19,0
785,Saint Kitts and Nevis,659,1985,2.84,27,0.475,0.755,0.735,0.445,0.325,0.105,0
786,Saint Kitts and Nevis,659,1995,2.21,27,0.3,0.635,0.575,0.425,0.245,0.03,0
787,Saint Kitts and Nevis,659,2000,2.53,26.9,0.43,0.7,0.615,0.4,0.285,0.1,0
788,Saint Kitts and Nevis,659,2001,2.08,26.4,0.37,0.635,0.44,0.415,0.18,0.04,0
789,Saint Lucia,662,1970,6.29,27.5,0.795,1.62,1.745,1.27,0.67,0.18,0.01
790,Saint Lucia,662,1985,3.97,26.8,0.635,1.13,1.025,0.665,0.375,0.135,0
791,Saint Lucia,662,1995,3.01,27.7,0.43,0.755,0.72,0.59,0.405,0.095,0.01
792,Saint Lucia,662,2002,1.84,27.7,0.255,0.48,0.42,0.38,0.23,0.07,0.005
793,Saint Lucia,662,2004,1.63,28,0.245,0.375,0.38,0.335,0.21,0.085,0
794,Saint Pierre and Miquelon,666,1969,3.79,28.4,0.475,1,0.86,0.635,0.49,0.335,0
795,Saint Pierre and Miquelon,666,1977,2.01,26.9,0.225,0.74,0.46,0.3,0.205,0.075,0
796,Saint Vincent and the Grenadines,670,1970,6.11,27.3,0.905,1.725,1.43,1.085,0.68,0.26,0.03
797,Saint Vincent and the Grenadines,670,1986,2.9,26.4,0.52,0.865,0.725,0.445,0.24,0.1,0.01
798,Saint Vincent and the Grenadines,670,1994,2.74,26.9,0.47,0.71,0.665,0.525,0.3,0.055,0.01
799,Saint Vincent and the Grenadines,670,2003,2.11,27.3,0.36,0.535,0.485,0.4,0.245,0.075,0.01
800,Saint Vincent and the Grenadines,670,2009,2.11,27.4,0.35,0.52,0.485,0.41,0.24,0.095,0.005
801,Samoa,882,1970,7,30.3,0.305,1.5,1.825,1.515,1.2,0.5,0.155
802,Samoa,882,1981,6.7,30.6,0.195,1.37,1.815,1.555,1.065,0.555,0.15
803,Samoa,882,1991,4.76,31.7,0.125,0.795,1.205,1.08,0.875,0.49,0.19
804,Samoa,882,2001,4.37,29.7,0.22,1.01,1.12,0.99,0.705,0.285,0.035
805,Samoa,882,2006,4.18,30.5,0.145,0.885,1.07,0.995,0.705,0.325,0.07
806,San Marino,674,1970,2.11,27.4,0.145,0.665,0.675,0.395,0.165,0.06,0
807,San Marino,674,1985,1.13,27.8,0.06,0.295,0.425,0.24,0.09,0.02,0
808,San Marino,674,1997,1.24,30.1,0.015,0.15,0.45,0.435,0.175,0.01,0
809,San Marino,674,2004,1.36,32.2,0.005,0.08,0.3,0.615,0.31,0.045,0.005
810,Sao Tome and Principe,678,1981,7.23,29.2,0.725,1.715,1.65,1.44,1.075,0.555,0.075
811,Sao Tome and Principe,678,1991,5.38,29.1,0.535,1.31,1.255,1.015,0.76,0.445,0.06
812,Sao Tome and Principe,678,2001,4.66,29.5,0.455,1.08,1.01,0.925,0.77,0.32,0.1
813,Sao Tome and Principe,678,2007,4.9,29.7,0.465,1.06,1.05,1,0.85,0.435,0.04
814,Saudi Arabia,682,1986,6.46,31,0.275,1.18,1.64,1.365,1.255,0.555,0.185
815,Saudi Arabia,682,1994,6.1,31.4,0.305,1.12,1.435,1.32,0.975,0.595,0.35
816,Saudi Arabia,682,1999,3.93,32.1,0.14,0.61,0.865,0.875,0.835,0.43,0.17
817,Saudi Arabia,682,2004,3.03,31.5,0.075,0.33,1.14,0.59,0.49,0.295,0.115
818,Saudi Arabia,682,2006,3.27,31.6,0.035,0.31,1.335,0.625,0.575,0.25,0.14
819,Senegal,686,1970,6.44,29.5,0.825,1.45,1.36,1.14,0.805,0.545,0.315
820,Senegal,686,1984,6.38,29.4,0.77,1.35,1.355,1.305,0.98,0.445,0.18
821,Senegal,686,1995,5.66,30.4,0.515,1.095,1.2,1.225,0.93,0.495,0.205
822,Senegal,686,2003,5.26,29.7,0.505,1.06,1.24,1.13,0.845,0.375,0.105
823,Senegal,686,2009,4.98,29.6,0.465,1.005,1.205,1.095,0.78,0.365,0.065
824,Serbia,688,1970,2.25,26,0.315,0.825,0.6,0.32,0.14,0.045,0.01
825,Serbia,688,1985,2.23,26.2,0.25,0.815,0.665,0.315,0.135,0.04,0.005
826,Serbia,688,1997,1.83,26.6,0.145,0.67,0.56,0.32,0.12,0.02,0
827,Serbia,688,2005,1.45,27.3,0.12,0.41,0.47,0.315,0.115,0.02,0
828,Serbia,688,2011,1.36,28.4,0.095,0.305,0.435,0.355,0.15,0.025,0
829,Seychelles,690,1970,5.55,29.4,0.405,1.285,1.405,1.165,0.84,0.43,0.025
830,Seychelles,690,1985,3.25,27.6,0.37,0.905,0.875,0.62,0.365,0.11,0
831,Seychelles,690,1995,2.35,26.9,0.295,0.745,0.595,0.445,0.225,0.045,0
832,Seychelles,690,2005,2.21,27.4,0.295,0.59,0.57,0.415,0.26,0.065,0.005
833,Seychelles,690,2011,2.54,27.5,0.39,0.62,0.615,0.55,0.275,0.095,0
834,Sierra Leone,694,1973,6.51,28.6,1.06,1.48,1.4,1.05,0.845,0.405,0.27
835,Sierra Leone,694,1985,6.25,28.7,1,1.4,1.35,1.05,0.8,0.4,0.25
836,Sierra Leone,694,1992,6.6,28.6,0.89,1.51,1.625,1.26,0.76,0.27,0.29
837,Sierra Leone,694,2004,6.1,29.8,0.68,1.29,1.33,1.155,0.93,0.445,0.27
838,Sierra Leone,694,2006,5.12,29.1,0.73,1.11,1.085,0.935,0.725,0.355,0.18
839,Singapore,702,1970,3.1,29.1,0.13,0.695,1.05,0.69,0.375,0.135,0.025
840,Singapore,702,1985,1.62,28.7,0.05,0.335,0.625,0.435,0.155,0.02,0
841,Singapore,702,1995,1.77,29.8,0.035,0.24,0.665,0.575,0.22,0.035,0
842,Singapore,702,2005,1.25,30.1,0.035,0.16,0.405,0.44,0.18,0.03,0
843,Singapore,702,2010,1.27,31,0.025,0.125,0.375,0.475,0.24,0.035,0
844,Slovakia,703,1970,2.4,26.3,0.195,0.975,0.685,0.35,0.15,0.04,0.005
845,Slovakia,703,1988,2.11,25.2,0.235,0.96,0.58,0.24,0.08,0.015,0
846,Slovakia,703,1995,1.51,25.6,0.16,0.625,0.445,0.2,0.07,0.015,0
847,Slovakia,703,2005,1.26,27.7,0.1,0.305,0.44,0.295,0.105,0.02,0
848,Slovakia,703,2010,1.38,28.7,0.11,0.26,0.43,0.39,0.165,0.03,0
849,Slovenia,705,1970,2.12,26.7,0.21,0.76,0.56,0.35,0.165,0.05,0.005
850,Slovenia,705,1985,1.77,25.4,0.21,0.76,0.5,0.21,0.08,0.02,0
851,Slovenia,705,1995,1.29,27,0.065,0.41,0.485,0.24,0.075,0.01,0
852,Slovenia,705,2005,1.26,29.3,0.03,0.2,0.48,0.395,0.13,0.02,0
853,Slovenia,705,2010,1.57,30,0.025,0.21,0.56,0.54,0.21,0.03,0
854,Solomon Islands,90,1973,7.42,30.1,0.73,1.48,1.64,1.525,1.125,0.705,0.21
855,Solomon Islands,90,1985,6.07,29.5,0.505,1.4,1.475,1.26,0.885,0.42,0.125
856,Solomon Islands,90,1998,4.77,29.2,0.345,1.145,1.26,1.04,0.65,0.245,0.08
857,Solomon Islands,90,1999,4.45,29.2,0.4,1.005,1.145,0.95,0.615,0.245,0.09
858,Solomon Islands,90,2004,4.5,29.3,0.35,1.045,1.2,0.975,0.56,0.265,0.11
859,Somalia,706,1975,6.98,31.8,0.29,1.24,1.605,1.465,1.28,0.66,0.445
860,Somalia,706,1982,7.29,31.3,0.5,1.32,1.675,1.41,1.18,0.755,0.445
861,Somalia,706,1996,7.35,30.1,0.67,1.475,1.585,1.485,1.25,0.88,0
862,Somalia,706,2002,8.24,30.8,0.715,1.63,1.82,1.485,1.31,0.735,0.545
863,Somalia,706,2005,6.67,30,0.615,1.405,1.53,1.31,0.945,0.615,0.245
864,South Africa,710,1970,4.94,30.1,0.3,1.125,1.24,1,0.705,0.37,0.195
865,South Africa,710,1987,4.58,28.7,0.62,1.115,0.98,0.82,0.625,0.3,0.115
866,South Africa,710,1996,2.9,28.3,0.38,0.695,0.715,0.545,0.37,0.145,0.045
867,South Africa,710,2001,2.88,28.8,0.33,0.635,0.72,0.605,0.38,0.155,0.05
868,South Africa,710,2006,2.5,28.7,0.27,0.595,0.61,0.515,0.34,0.135,0.035
869,South Sudan,728,2008,3.83,31.5,0.19,0.675,0.93,0.78,0.65,0.365,0.24
870,Spain,724,1970,2.82,29.5,0.07,0.61,0.965,0.64,0.385,0.13,0.015
871,Spain,724,1985,1.63,28.5,0.09,0.36,0.58,0.375,0.17,0.05,0.005
872,Spain,724,1995,1.18,30,0.04,0.14,0.4,0.42,0.155,0.025,0
873,Spain,724,2005,1.35,30.9,0.055,0.155,0.32,0.5,0.265,0.045,0
874,Spain,724,2010,1.39,31.2,0.055,0.175,0.31,0.48,0.31,0.06,0.005
875,Sri Lanka,144,1970,4.22,29.7,0.19,0.86,1.19,1.095,0.67,0.19,0.03
876,Sri Lanka,144,1985,2.68,28.6,0.16,0.7,0.8,0.56,0.335,0.11,0.015
877,Sri Lanka,144,1998,1.88,28.4,0.135,0.415,0.59,0.49,0.2,0.04,0.005
878,Sri Lanka,144,2005,2.36,28.8,0.14,0.515,0.735,0.61,0.285,0.07,0.005
879,Sri Lanka,144,2006,2.29,29.3,0.12,0.455,0.71,0.6,0.315,0.085,0.01
880,State of Palestine,275,1970,7.47,31.7,0.27,1.21,1.7,1.715,1.65,0.645,0.28
881,State of Palestine,275,1988,6.47,29.3,0.505,1.47,1.62,1.425,1.01,0.37,0.075
882,State of Palestine,275,1993,6.38,28.9,0.59,1.525,1.555,1.36,0.95,0.365,0.03
883,State of Palestine,275,1998,4.94,28.7,0.44,1.24,1.235,1.03,0.72,0.25,0.02
884,State of Palestine,275,2006,4.68,29.1,0.3,1.165,1.24,1.02,0.665,0.25,0.04
885,Sudan,729,1976,6.16,30.2,0.59,1.325,1.34,1.26,0.755,0.535,0.35
886,Sudan,729,1988,4.68,30.2,0.325,0.88,1.165,1.1,0.725,0.375,0.105
887,Sudan,729,1991,4.55,30.8,0.255,0.845,1.07,1.06,0.805,0.33,0.185
888,Sudan,729,1996,4.92,30.4,0.36,0.935,1.165,1.135,0.79,0.385,0.155
889,Sudan,729,2008,3.92,30.7,0.245,0.72,0.97,0.865,0.67,0.305,0.145
890,Suriname,740,1970,5.51,28.1,0.555,1.52,1.43,1.015,0.67,0.32,0
891,Suriname,740,1986,3.07,26.7,0.415,0.94,0.86,0.52,0.25,0.075,0.005
892,Suriname,740,1995,2.37,26.5,0.375,0.75,0.6,0.35,0.215,0.065,0.015
893,Suriname,740,2005,2.14,27.3,0.295,0.56,0.585,0.405,0.23,0.055,0.01
894,Suriname,740,2007,2.37,27.3,0.33,0.655,0.61,0.445,0.26,0.075,0.005
895,Swaziland,748,1966,6.91,30.5,0.6,1.45,1.475,1.335,1.015,0.635,0.395
896,Swaziland,748,1986,4.96,29,0.645,1.12,1.055,0.99,0.645,0.335,0.165
897,Swaziland,748,1997,4.37,30.2,0.365,0.965,0.995,0.815,0.655,0.325,0.25
898,Swaziland,748,2005,3.85,27.7,0.555,1.015,0.82,0.795,0.495,0.15,0.02
899,Swaziland,748,2009,3.68,28.3,0.445,1.025,0.78,0.66,0.49,0.25,0.025
900,Sweden,752,1970,1.94,26.9,0.17,0.6,0.645,0.35,0.135,0.03,0
901,Sweden,752,1985,1.73,28.4,0.055,0.405,0.66,0.43,0.155,0.025,0
902,Sweden,752,1995,1.74,29.2,0.045,0.335,0.635,0.49,0.205,0.035,0
903,Sweden,752,2005,1.77,30.5,0.03,0.235,0.55,0.625,0.275,0.055,0
904,Sweden,752,2010,1.98,30.7,0.03,0.25,0.6,0.685,0.345,0.065,0.005
905,Switzerland,756,1970,2.09,27.8,0.115,0.625,0.685,0.415,0.19,0.05,0.005
906,Switzerland,756,1985,1.51,28.4,0.035,0.33,0.63,0.39,0.11,0.015,0
907,Switzerland,756,1995,1.5,29.3,0.03,0.26,0.565,0.47,0.165,0.025,0
908,Switzerland,756,2005,1.42,30.5,0.025,0.19,0.425,0.495,0.235,0.04,0
909,Switzerland,756,2010,1.57,31.1,0.02,0.175,0.435,0.585,0.3,0.055,0.005
910,Syrian Arab Republic,760,1970,7.68,29.8,0.415,1.785,1.945,1.675,1.18,0.615,0.06
911,Syrian Arab Republic,760,1985,5.66,29.5,0.525,1.205,1.415,1.175,0.79,0.42,0.125
912,Syrian Arab Republic,760,1999,3.84,29.7,0.29,0.825,0.945,0.885,0.605,0.21,0.085
913,Syrian Arab Republic,760,2004,3.58,29.6,0.375,0.68,0.875,0.775,0.55,0.245,0.08
914,Syrian Arab Republic,760,2008,3.47,29,0.27,0.78,0.935,0.795,0.495,0.17,0.025
915,Tajikistan,762,1970,5.9,30.9,0.2,1.305,1.34,1.255,1.08,0.545,0.18
916,Tajikistan,762,1985,5.49,29.2,0.185,1.535,1.525,1.12,0.75,0.31,0.065
917,Tajikistan,762,1994,3.62,27.6,0.285,1.2,0.96,0.67,0.35,0.13,0.025
918,Tajikistan,762,2002,3.93,28.4,0.23,1.2,1.075,0.76,0.415,0.25,0
919,Tajikistan,762,2005,3.07,27.8,0.135,0.985,0.96,0.59,0.3,0.065,0.02
920,Thailand,764,1969,6.11,30.8,0.36,1.28,1.43,1.145,0.99,0.76,0.145
921,Thailand,764,1985,2.24,27.6,0.265,0.625,0.64,0.365,0.23,0.1,0.015
922,Thailand,764,1996,2.02,26.9,0.27,0.63,0.535,0.34,0.18,0.055,0.015
923,Thailand,764,2005,1.49,27,0.215,0.395,0.415,0.29,0.135,0.035,0.005
924,Thailand,764,2009,1.43,26.9,0.235,0.355,0.385,0.285,0.135,0.035,0
925,The former Yugoslav Republic of Macedonia,807,1970,2.95,27.4,0.205,0.97,0.915,0.52,0.245,0.08,0.015
926,The former Yugoslav Republic of Macedonia,807,1985,2.31,25.9,0.24,0.895,0.725,0.325,0.11,0.03,0.005
927,The former Yugoslav Republic of Macedonia,807,1995,2.13,25.9,0.22,0.785,0.7,0.31,0.09,0.02,0
928,The former Yugoslav Republic of Macedonia,807,2005,1.33,27.2,0.1,0.375,0.48,0.275,0.085,0.015,0
929,The former Yugoslav Republic of Macedonia,807,2010,1.55,27.9,0.1,0.39,0.54,0.365,0.135,0.02,0
930,Timor-Leste,626,1993,4.68,29.8,0.245,1.065,1.215,1.06,0.765,0.255,0.08
931,Timor-Leste,626,2001,7.77,30.9,0.39,1.61,1.81,1.645,1.3,0.69,0.33
932,Timor-Leste,626,2008,5.67,30.9,0.255,1.105,1.38,1.27,0.985,0.445,0.23
933,Togo,768,1970,6.64,30.3,0.61,1.46,1.44,1.225,0.97,0.585,0.355
934,Togo,768,1987,6.44,30.3,0.655,1.315,1.38,1.17,1.07,0.53,0.32
935,Togo,768,1996,5.2,30.1,0.445,1.07,1.23,1.035,0.83,0.41,0.185
936,Tokelau,772,1986,3.72,29,0.2,0.915,1.095,0.905,0.335,0.275,0
937,Tonga,776,1969,6.16,31,0.205,1.16,1.58,1.415,1.065,0.57,0.16
938,Tonga,776,1986,5.2,30.7,0.14,0.935,1.45,1.32,0.91,0.37,0.075
939,Tonga,776,1996,4.16,30.5,0.085,0.8,1.195,1.045,0.695,0.295,0.04
940,Tonga,776,2003,3.88,30.8,0.085,0.625,1.105,1.07,0.745,0.23,0.025
941,Tonga,776,2006,3.76,31.4,0.08,0.615,0.94,0.985,0.77,0.275,0.09
942,Trinidad and Tobago,780,1971,3.63,27.7,0.425,1,0.97,0.66,0.415,0.14,0.02
943,Trinidad and Tobago,780,1985,3.2,27.4,0.395,0.9,0.855,0.61,0.345,0.09,0.01
944,Trinidad and Tobago,780,1995,1.81,27.2,0.22,0.53,0.46,0.37,0.18,0.045,0.005
945,Trinidad and Tobago,780,2002,1.62,27.3,0.175,0.48,0.455,0.315,0.16,0.04,0
946,Trinidad and Tobago,780,2006,1.5,27.7,0.165,0.39,0.415,0.315,0.165,0.045,0.005
947,Tunisia,788,1970,6.09,30.7,0.23,1.27,1.51,1.37,1.03,0.48,0.2
948,Tunisia,788,1985,4.44,30.4,0.15,0.855,1.22,1.17,0.69,0.265,0.09
949,Tunisia,788,1995,2.61,30.6,0.065,0.455,0.745,0.705,0.44,0.165,0.04
950,Tunisia,788,2005,2.04,31.1,0.03,0.265,0.59,0.635,0.4,0.11,0.01
951,Tunisia,788,2007,2.05,31.1,0.03,0.27,0.595,0.635,0.39,0.12,0.01
952,Turkey,792,1977,4.31,27.6,0.485,1.27,1.105,0.76,0.48,0.2,0.01
953,Turkey,792,1981,4.17,28.2,0.34,1.165,1.195,0.805,0.435,0.19,0.04
954,Turkey,792,1997,2.61,26.9,0.3,0.815,0.75,0.465,0.21,0.065,0.005
955,Turkey,792,2007,2.16,27.5,0.175,0.63,0.665,0.455,0.18,0.05,0.005
956,Turkey,792,2010,1.99,28,0.15,0.54,0.6,0.425,0.215,0.05,0.01
957,Turkmenistan,795,1970,5.93,30.9,0.17,1.355,1.38,1.25,1.065,0.55,0.155
958,Turkmenistan,795,1985,4.67,29.4,0.1,1.19,1.47,0.985,0.63,0.25,0.045
959,Turkmenistan,795,1999,2.88,27.5,0.15,0.92,0.975,0.525,0.24,0.07,0.005
960,Turkmenistan,795,2003,2.6,24.4,0.11,0.81,0.915,0.5,0.1,0,0
961,Turkmenistan,795,2006,2.6,24.6,0.105,0.775,0.91,0.49,0.095,0,0
962,Turks and Caicos Islands,796,2001,1.43,28,0.205,0.325,0.32,0.36,0.13,0.065,0.02
963,Tuvalu,798,1970,4.03,29.3,0.2,1.065,1,0.86,0.625,0.26,0.015
964,Tuvalu,798,1979,2.8,28.9,0.135,0.695,0.795,0.72,0.34,0.11,0.005
965,Tuvalu,798,1995,3.37,30.2,0.095,0.61,1.025,0.84,0.635,0.165,0
966,Tuvalu,798,2005,3.72,28.7,0.22,1.01,1.075,0.745,0.46,0.18,0.03
967,Tuvalu,798,2005,3.02,28.6,0.14,0.89,0.92,0.49,0.415,0.145,0.02
968,Uganda,800,1969,7.12,28.5,0.99,1.705,1.61,1.265,0.945,0.435,0.175
969,Uganda,800,1987,7.38,29.1,0.94,1.625,1.645,1.355,1.17,0.465,0.185
970,Uganda,800,1993,6.86,28.4,1.02,1.595,1.545,1.22,0.885,0.445,0.145
971,Uganda,800,2004,6.67,29,0.76,1.545,1.525,1.29,0.95,0.47,0.13
972,Uganda,800,2010,6.2,28.7,0.67,1.565,1.455,1.16,0.86,0.37,0.115
973,Ukraine,804,1970,2.09,26.4,0.175,0.87,0.515,0.345,0.145,0.035,0.005
974,Ukraine,804,1987,2.05,25.5,0.26,0.845,0.555,0.26,0.105,0.02,0
975,Ukraine,804,2004,1.22,25.7,0.145,0.465,0.355,0.175,0.06,0.01,0
976,Ukraine,804,2007,1.35,26.3,0.15,0.47,0.395,0.23,0.085,0.015,0
977,United Arab Emirates,784,1987,5.91,31.7,0.275,1.005,1.295,1.44,0.955,0.64,0.3
978,United Arab Emirates,784,1999,2.8,30.7,0.12,0.605,0.675,0.625,0.42,0.235,0.115
979,United Arab Emirates,784,2006,1.96,27.1,0.165,0.56,0.71,0.365,0.125,0.03,0.005
980,United Arab Emirates,784,2009,2.02,27.1,0.17,0.58,0.725,0.375,0.13,0.035,0.005
981,United Kingdom,826,1970,2.41,26.7,0.25,0.775,0.77,0.4,0.175,0.045,0.005
982,United Kingdom,826,1985,1.79,27.3,0.15,0.475,0.64,0.385,0.12,0.025,0
983,United Kingdom,826,1995,1.71,28.2,0.14,0.38,0.54,0.435,0.18,0.03,0
984,United Kingdom,826,2004,1.76,29,0.13,0.355,0.475,0.5,0.245,0.05,0
985,United Kingdom,826,2009,1.95,29.3,0.125,0.37,0.54,0.55,0.295,0.06,0.005
986,United Republic of Tanzania,834,1973,7.1,29.3,0.76,1.68,1.625,1.315,1,0.51,0.215
987,United Republic of Tanzania,834,1988,6.5,30.5,0.5,1.35,1.43,1.3,1.045,0.575,0.295
988,United Republic of Tanzania,834,1995,5.82,29.4,0.675,1.3,1.275,1.085,0.835,0.435,0.21
989,United Republic of Tanzania,834,2003,5.66,28.8,0.66,1.37,1.27,1.09,0.78,0.395,0.09
990,United Republic of Tanzania,834,2008,5.44,29.1,0.58,1.3,1.245,1.035,0.805,0.36,0.11
991,United States of America,840,1970,2.45,26.2,0.315,0.84,0.725,0.365,0.16,0.04,0
992,United States of America,840,1985,1.84,26.4,0.255,0.545,0.555,0.34,0.12,0.02,0
993,United States of America,840,1995,2.01,26.8,0.285,0.55,0.56,0.415,0.17,0.035,0
994,United States of America,840,2005,2.04,27.9,0.2,0.51,0.575,0.48,0.23,0.045,0.005
995,United States of America,840,2008,2.08,28,0.205,0.515,0.575,0.495,0.235,0.05,0.005
996,United States Virgin Islands,850,1970,5.28,26.2,1.14,1.44,1.25,0.8,0.475,0.155,0.02
997,United States Virgin Islands,850,1985,2.83,26.5,0.395,0.865,0.81,0.495,0.205,0.06,0
998,United States Virgin Islands,850,1995,2.71,26.9,0.405,0.725,0.755,0.49,0.275,0.055,0.005
999,United States Virgin Islands,850,2002,2.32,27.1,0.28,0.71,0.625,0.42,0.23,0.055,0.005
1000,United States Virgin Islands,850,2007,2.5,27.2,0.265,0.735,0.73,0.47,0.245,0.04,0.015
1001,Uruguay,858,1970,2.71,27.8,0.315,0.74,0.71,0.525,0.285,0.12,0.015
1002,Uruguay,858,1985,2.49,27.8,0.28,0.65,0.685,0.5,0.28,0.09,0.01
1003,Uruguay,858,1996,2.55,27.3,0.38,0.64,0.67,0.5,0.275,0.08,0.005
1004,Uruguay,858,2005,1.96,27.6,0.3,0.455,0.48,0.415,0.24,0.065,0.005
1005,Uruguay,858,2007,1.96,27.7,0.295,0.46,0.46,0.43,0.24,0.06,0.005
1006,Uzbekistan,860,1970,5.64,30.5,0.21,1.305,1.325,1.23,0.975,0.46,0.135
1007,Uzbekistan,860,1985,4.65,28.4,0.175,1.44,1.39,0.91,0.53,0.175,0.035
1008,Uzbekistan,860,1995,3.34,26.3,0.305,1.33,0.88,0.57,0.195,0.045,0.015
1009,Uzbekistan,860,2000,2.58,26.8,0.105,1.025,0.805,0.45,0.155,0.035,0.005
1010,Uzbekistan,860,2006,2.44,26.7,0.13,0.93,0.805,0.405,0.14,0.03,0
1011,Vanuatu,548,1967,6.75,29.1,0.51,1.6,1.78,1.46,0.98,0.38,0.04
1012,Vanuatu,548,1976,6.56,30,0.455,1.47,1.635,1.325,0.895,0.55,0.225
1013,Vanuatu,548,1989,4.88,29.3,0.39,1.17,1.24,0.975,0.69,0.305,0.11
1014,Venezuela (Bolivarian Republic of),862,1970,5.68,28.7,0.56,1.4,1.44,1.05,0.835,0.31,0.065
1015,Venezuela (Bolivarian Republic of),862,1985,3.59,28.1,0.435,0.9,0.915,0.7,0.42,0.17,0.045
1016,Venezuela (Bolivarian Republic of),862,1995,2.87,27.1,0.465,0.795,0.69,0.5,0.295,0.105,0.02
1017,Venezuela (Bolivarian Republic of),862,2005,2.65,26.8,0.455,0.76,0.64,0.44,0.25,0.09,0.02
1018,Venezuela (Bolivarian Republic of),862,2007,2.61,26.4,0.51,0.73,0.615,0.435,0.24,0.07,0.01
1019,Viet Nam,704,1985,4.8,32.1,0.035,0.755,1.32,1.185,0.8,0.42,0.29
1020,Viet Nam,704,1996,2.34,27.4,0.16,0.82,0.66,0.405,0.205,0.075,0.01
1021,Viet Nam,704,2005,2.08,27.3,0.14,0.69,0.65,0.375,0.18,0.045,0.005
1022,Viet Nam,704,2009,2,27,0.175,0.65,0.62,0.355,0.15,0.045,0.005
1023,Wallis and Futuna Islands,876,1969,6.91,31.4,0.13,1.265,1.51,1.935,1.265,0.805,0
1024,Wallis and Futuna Islands,876,1983,5.75,30.8,0.15,1.1,1.55,1.25,1.15,0.5,0.05
1025,Wallis and Futuna Islands,876,1996,3.12,31.1,0.09,0.465,0.765,1.03,0.495,0.23,0.05
1026,Wallis and Futuna Islands,876,2005,2.12,29.1,0.065,0.51,0.655,0.55,0.24,0.1,0
1027,Wallis and Futuna Islands,876,2008,1.85,29.3,0.06,0.385,0.61,0.475,0.27,0.05,0
1028,Yemen,887,1977,8.51,30.4,0.875,1.73,1.73,1.67,1.145,0.985,0.375
1029,Yemen,887,1990,7.67,31.8,0.51,1.415,1.575,1.42,1.29,0.86,0.6
1030,Yemen,887,1996,6.49,30.2,0.525,1.395,1.505,1.29,0.98,0.525,0.27
1031,Yemen,887,2002,6.16,30.8,0.415,1.225,1.43,1.275,0.91,0.555,0.345
1032,Yemen,887,2005,5.16,30.2,0.4,1.055,1.235,1.105,0.78,0.39,0.195
1033,Zambia,894,1974,6.65,31.6,0.685,0.715,1.045,1.765,1.7,0.555,0.185
1034,Zambia,894,1990,6.46,29.3,0.78,1.47,1.355,1.21,0.97,0.525,0.155
1035,Zambia,894,1995,6.08,28.8,0.79,1.4,1.37,1.145,0.875,0.385,0.12
1036,Zambia,894,2000,5.87,28.9,0.8,1.33,1.245,1.09,0.86,0.395,0.15
1037,Zambia,894,2006,6.16,29.3,0.73,1.37,1.315,1.2,0.955,0.45,0.145
1038,Zimbabwe,716,1969,6.74,31.2,0.395,1.36,1.52,1.285,1.09,0.725,0.365
1039,Zimbabwe,716,1987,5.42,29.5,0.51,1.255,1.25,1.06,0.79,0.4,0.16
1040,Zimbabwe,716,1998,3.98,28.3,0.56,0.995,0.9,0.675,0.54,0.23,0.075
1041,Zimbabwe,716,2004,3.8,28.1,0.495,1.025,0.86,0.72,0.43,0.21,0.065
1042,Zimbabwe,716,2009,4.11,27.9,0.575,1.06,0.97,0.745,0.52,0.175,0.06
